"clinid","bg2cost1","bg2cost2","bg2cost3","bg2cost4","bg2cost5","bg2cost6"
1,-1.91558420658112,0.938035786151886,-0.294670462608337,0.330242902040482,-1.42767941951752,-1.01255559921265
2,0.363791853189468,-0.575019001960754,-1.50312602519989,1.15072917938232,-0.02724863961339,-0.966459572315216
3,2.20301294326782,-0.355950057506561,-0.561263859272003,-1.6801506280899,-0.24621120095253,-0.418468058109283
4,0.441056936979294,-0.393210887908936,0.544124722480774,-0.73090386390686,-0.472993105649948,-0.333797633647919
5,-0.704685091972351,-0.223765447735786,-0.00547416182234883,0.615283370018005,-1.5082665681839,-1.03631401062012
6,1.23916149139404,0.0330196693539619,-1.72177267074585,1.19084358215332,0.775033116340637,0.797859191894531
7,-0.272529929876328,-0.0564699098467827,1.79170739650726,1.12844717502594,-1.45499634742737,1.15519917011261
8,-1.7284551858902,0.216519922018051,-0.372160345315933,-1.56786346435547,-1.46351790428162,-0.431926310062408
9,-0.449009031057358,-0.498656332492828,-0.0404851324856281,-0.167917668819427,-1.27136170864105,-0.219307512044907
10,0.922286331653595,-1.58835971355438,-1.5894523859024,-0.873044788837433,3.42814826965332,1.73962545394897
11,1.7359756231308,1.38814568519592,0.462441951036453,-0.584516406059265,1.57830595970154,0.286926060914993
12,-1.32951819896698,-0.00931323226541281,0.87860369682312,0.220701187849045,-1.31524193286896,-1.36221253871918
13,1.31957638263702,0.810357391834259,0.780969321727753,2.07791781425476,0.387885600328445,0.181018680334091
14,0.723406195640564,-0.577891290187836,-1.71896588802338,-1.66821002960205,0.361625522375107,0.468509316444397
15,0.999739766120911,-0.00723053049296141,1.37969470024109,0.675099015235901,1.51938140392303,1.19030046463013
16,-0.921041429042816,0.859749376773834,0.54139643907547,-0.919457137584686,0.976346552371979,1.22236943244934
17,1.40133476257324,-0.491552621126175,-0.709077715873718,2.5581476688385,-1.40954327583313,-0.465312838554382
18,-1.9009131193161,-0.815349936485291,-0.14450877904892,-1.68269002437592,-0.809383809566498,-0.318414658308029
19,1.95268189907074,0.261468529701233,1.37442481517792,-0.159270092844963,-0.10955934971571,-0.648260474205017
20,-0.630567252635956,-1.86679911613464,-2.75727772712708,0.215313270688057,-0.40104603767395,0.511790990829468
21,-0.976144731044769,0.858636617660522,-0.360387772321701,1.12257969379425,-1.54471218585968,-1.30308043956757
22,0.522468328475952,0.889802813529968,-0.215288460254669,1.02639484405518,-1.05367159843445,0.544102668762207
23,0.0262691639363766,-1.10882842540741,0.20598840713501,0.300082743167877,-0.973009645938873,0.00431884499266744
24,0.594670593738556,0.520893931388855,0.992536842823029,0.608638763427734,-0.56933581829071,0.123557932674885
25,1.39627754688263,1.10734498500824,2.00857377052307,-0.116482518613338,-0.445048213005066,1.58626770973206
26,1.76493406295776,-0.170194417238235,0.536165356636047,-1.14182090759277,1.07924246788025,0.0102791870012879
27,0.227985218167305,0.281116783618927,-1.03714501857758,-0.670288562774658,1.31690752506256,0.038431704044342
28,-0.473926246166229,-2.74052596092224,-0.301565647125244,-1.51539957523346,-1.50505614280701,0.143072605133057
29,1.44436526298523,-1.46516728401184,-0.67159229516983,0.84374326467514,0.682792544364929,0.313563495874405
30,-0.696874678134918,-1.00220489501953,-1.76413404941559,1.28887689113617,0.877617478370667,1.1622166633606
31,-0.417606264352798,-1.80560970306396,-1.63303220272064,-1.93340182304382,-0.386756122112274,0.780982196331024
32,1.37780547142029,0.8266841173172,1.04847168922424,1.12381172180176,0.134885564446449,-0.573652386665344
33,0.0947624668478966,1.31811904907227,2.44143462181091,-0.0862795487046242,0.309793800115585,0.0850582495331764
34,2.00682544708252,0.201540440320969,0.396122485399246,-0.283492922782898,1.50502848625183,-0.580097317695618
35,-1.91170334815979,0.342875421047211,1.28540396690369,0.449009448289871,-0.00481572980061173,-0.664746165275574
36,-1.67940318584442,-0.520603835582733,0.436233580112457,-0.47073495388031,-0.123462222516537,-2.76410984992981
37,-0.328039288520813,-0.805112540721893,-3.20276021957397,-2.48174047470093,0.293554365634918,0.587804913520813
38,-0.589512944221497,0.505536258220673,-0.273610889911652,-1.10755264759064,-0.0929851606488228,1.51209700107574
39,-0.778134822845459,0.47752457857132,1.09249138832092,-0.763651430606842,-0.0920660793781281,0.320507049560547
40,-0.651304960250854,0.821980476379395,0.86523824930191,1.19729101657867,1.29253315925598,1.42867064476013
41,-0.284808129072189,-2.37443804740906,-0.215165689587593,-0.882627904415131,0.577223300933838,1.54483103752136
42,-0.00167110306210816,0.662244021892548,1.58792579174042,-0.191182643175125,0.158784165978432,0.820593953132629
43,-0.141563713550568,-1.22646427154541,-1.33835971355438,-0.223361909389496,-0.273968100547791,-0.241944015026093
44,-0.919074356555939,-1.09232449531555,-1.63051271438599,1.529740691185,0.528795480728149,-0.284978896379471
45,0.860405504703522,-0.000673375208862126,0.706722259521484,0.0376093201339245,1.41491949558258,0.048835426568985
46,-1.06437003612518,-2.73153328895569,-0.324811458587646,0.513491451740265,-0.0490387603640556,-0.66582989692688
47,-0.167362302541733,-1.056556224823,0.319812804460526,-0.310555994510651,-0.113562054932117,-0.473666667938232
48,-0.786537826061249,-1.66610622406006,0.684359014034271,-0.301363378763199,-1.07292866706848,-1.24596810340881
49,-1.44896519184113,0.433166116476059,-1.5043112039566,-0.496886521577835,-0.357814192771912,0.466134130954742
50,-1.54563939571381,-1.21235060691834,-0.951535522937775,1.04808020591736,1.11253571510315,0.716057181358337
51,0.404121458530426,-1.5927562713623,0.372660636901855,-0.960178673267365,0.580534636974335,-0.371097594499588
52,-1.32613527774811,-0.764349758625031,0.743897199630737,-0.62436842918396,-2.43590521812439,-1.27565288543701
53,1.13372457027435,2.2856342792511,0.277308225631714,-1.67152786254883,-1.7122608423233,-1.03604257106781
54,0.620078384876251,-0.718261778354645,0.0609190501272678,-1.10108625888824,-0.439383745193481,-0.245715767145157
55,0.478028148412704,-0.179951503872871,-1.45054912567139,-1.13397097587585,-0.713474452495575,-0.526581823825836
56,1.37528300285339,0.618054747581482,1.70412051677704,1.39547038078308,1.44073045253754,1.29068374633789
57,-0.337347805500031,-0.521181285381317,-0.200180530548096,1.22545731067657,-1.09031462669373,-0.111701458692551
58,-1.8627861738205,-0.193873018026352,0.387722998857498,0.806143581867218,-0.800389230251312,-1.82122874259949
59,-1.53752839565277,0.883298516273499,1.77151763439178,0.587451875209808,0.50838303565979,0.887917101383209
60,-0.073348194360733,-0.597882688045502,1.69707059860229,2.64365601539612,-1.00317287445068,-1.34372138977051
61,0.0728201940655708,-0.127027988433838,-1.01659262180328,0.35277071595192,0.745956718921661,-0.958411693572998
62,-0.279913008213043,-1.17270147800446,-1.80528438091278,-1.23222076892853,1.39568722248077,0.432860046625137
63,0.454802840948105,0.567358553409576,0.509245753288269,2.16232585906982,0.988168895244598,1.02689230442047
64,0.705130100250244,0.700833737850189,1.62220013141632,1.73130393028259,0.0857803300023079,-1.66056931018829
65,0.0483525916934013,-0.634804546833038,0.388999938964844,-1.27023673057556,1.5759619474411,2.50342702865601
66,-0.0808428227901459,0.958885073661804,0.749541044235229,0.0368421673774719,-1.63880383968353,-1.89482140541077
67,1.16324007511139,-0.577457249164581,-0.362582981586456,0.413176536560059,0.97054386138916,0.335912764072418
68,0.205948516726494,-0.700195491313934,-0.259390145540237,0.140581250190735,0.00698848674073815,0.610123753547668
69,0.0557273589074612,-0.656151950359344,1.61522471904755,0.372692435979843,0.99935108423233,0.78582489490509
70,2.16964364051819,0.0105534279718995,1.25620484352112,-0.943961143493652,-0.536903023719788,2.27579474449158
71,0.597592949867249,-0.0276436060667038,2.02188634872437,-0.0970137789845467,1.53148889541626,0.447449058294296
72,-2.39056038856506,-0.550167798995972,0.183987647294998,-0.817121028900146,1.18260097503662,0.25138846039772
73,-0.866110920906067,-1.45679557323456,0.281956672668457,-0.329595685005188,-0.610666155815125,-0.320176243782043
74,-0.0815197229385376,-0.150823324918747,-0.177842542529106,-0.511335015296936,-0.108593665063381,-0.240128636360168
75,1.07589089870453,-0.795155942440033,-0.790069878101349,-0.961728751659393,-0.588626027107239,0.870540201663971
76,1.14595067501068,-0.491846084594727,2.15236139297485,0.198789283633232,-0.199899926781654,-0.934104084968567
77,-0.269631803035736,-0.927376508712769,-0.302868515253067,0.956449687480927,-0.328183501958847,-0.104912862181664
78,1.95819652080536,1.84325194358826,0.936556994915009,0.0419182814657688,1.10243105888367,0.54735255241394
79,-0.362284004688263,1.20697844028473,0.938181757926941,-0.815249025821686,0.370636165142059,1.55644297599792
80,0.328635931015015,-0.185221910476685,0.326097816228867,-0.0764263421297073,0.758990943431854,-0.927410781383514
81,0.897203743457794,0.713113367557526,0.136963903903961,0.544161260128021,2.21943759918213,0.859750986099243
82,0.0993809327483177,0.931263446807861,0.176436021924019,1.0785254240036,1.62405347824097,-0.028147030621767
83,-0.830479800701141,1.26086699962616,-0.399193912744522,-0.701341092586517,-1.19402408599854,0.497064232826233
84,-1.83844590187073,-0.671252250671387,0.929804503917694,-0.0803654193878174,-0.964330315589905,-1.73300123214722
85,-0.848669767379761,0.640999913215637,0.570296943187714,2.19969010353088,-0.119578771293163,0.465234309434891
86,-0.663221836090088,0.328262656927109,0.321112364530563,1.76347947120667,-0.0175671633332968,0.00239786808378994
87,0.0358648858964443,0.827641010284424,0.242120370268822,-1.25726270675659,0.422632545232773,-0.345592856407166
88,0.087022490799427,0.570054411888123,-0.0715888440608978,-1.06040227413177,-0.153768435120583,0.991415321826935
89,0.79529345035553,0.765443682670593,0.48295122385025,2.1954972743988,-0.313709795475006,-0.304741501808167
90,0.669358491897583,1.22745370864868,0.117845386266708,0.277961701154709,1.01617312431335,-0.545111238956451
91,0.910913169384003,0.704792082309723,1.60502207279205,-0.174168273806572,-0.393322259187698,-0.648940861225128
92,0.991806447505951,1.44243824481964,-1.64389204978943,-0.677631676197052,1.28102052211761,0.793730318546295
93,2.17671608924866,-0.983181893825531,0.329970598220825,1.06582939624786,0.407186478376389,0.973347544670105
94,-0.140562325716019,0.759115278720856,1.8356556892395,-0.609063804149628,-0.586663067340851,-1.63506686687469
95,0.499594867229462,2.13567924499512,0.74260801076889,0.176880434155464,-0.502143204212189,-0.878694832324982
96,0.339927464723587,0.816884398460388,-0.422044575214386,1.10965800285339,0.246562346816063,-0.490896284580231
97,0.393237799406052,2.0757520198822,0.408217549324036,-0.714315593242645,1.15629374980927,1.07083237171173
98,-0.94168609380722,-1.1248060464859,-0.204416081309319,-0.235505059361458,1.31425809860229,-0.402429312467575
99,0.83989691734314,-1.25152730941772,0.479390859603882,-0.036004114896059,1.32797968387604,0.965527296066284
100,-1.58548700809479,0.840839624404907,0.778672158718109,-0.62534373998642,-0.0429330728948116,-0.723354339599609
101,-2.09368348121643,-0.487924814224243,-0.866112947463989,0.134115278720856,0.519713640213013,-0.0363887622952461
102,-0.0219847392290831,0.0970579981803894,0.0735805109143257,-0.209798321127892,0.368999004364014,0.651329100131989
103,-1.79007542133331,-0.497303873300552,-0.46751856803894,0.329861015081406,0.351253539323807,-0.337493181228638
104,-0.178013369441032,1.49697875976563,3.24640130996704,0.401986122131348,1.28418946266174,1.28696608543396
105,0.577122032642365,0.0074387569911778,0.759928584098816,0.921844959259033,-0.654902815818787,0.166145697236061
106,1.08992266654968,-0.066120833158493,-0.819427073001862,-0.951726257801056,-0.0848440825939178,0.24465200304985
107,0.790671706199646,0.420089304447174,-0.824023544788361,-0.254582792520523,-0.071761280298233,-0.248824298381805
108,-0.899866104125977,0.977665722370148,0.504903852939606,0.83515202999115,0.725416660308838,0.211268171668053
109,-1.65759706497192,-0.104547217488289,-0.474423825740814,-1.14053595066071,0.0728759765625,-0.134439080953598
110,-0.981977880001068,0.667832493782043,-1.10892021656036,-0.871733963489532,-0.336954742670059,-0.126956284046173
111,0.745826303958893,-0.383611083030701,0.406395316123962,-0.491149336099625,0.414726674556732,0.388350635766983
112,-1.52499830722809,-1.01439821720123,-0.164561301469803,0.465371996164322,-0.621143221855164,-0.30384686589241
113,-1.87087786197662,-0.610695898532867,0.37840673327446,-0.528719365596771,0.0835277438163757,-0.874686896800995
114,-0.0817937254905701,0.219232723116875,0.197027772665024,0.257630914449692,-0.412992537021637,-0.455387860536575
115,1.09605860710144,1.63437628746033,1.18701148033142,-0.991312205791473,0.271478325128555,-0.373304069042206
116,0.246854528784752,0.574254989624023,0.329756021499634,0.704334199428558,-0.192982763051987,-0.641122758388519
117,-1.33682298660278,0.0228818953037262,-0.0838509276509285,0.0187260825186968,-1.11769270896912,-1.75480592250824
118,0.803629696369171,-1.46755695343018,-1.546670794487,0.748842120170593,0.687131524085999,0.691335320472717
119,2.13731288909912,1.12942171096802,1.35875082015991,0.0841652303934097,-0.421380013227463,0.200044736266136
120,-2.08569431304932,0.572421133518219,0.260621309280396,-0.217007771134377,-0.966553032398224,-0.663465142250061
121,-0.523533701896667,-0.418321222066879,0.163041710853577,1.51640141010284,-0.166085720062256,1.5689948797226
122,-1.1214884519577,-1.86628830432892,-1.01595652103424,-0.25465714931488,-0.994760632514954,-0.226774141192436
123,-0.750909984111786,0.117767475545406,-0.734114646911621,-0.0451076254248619,-1.67131900787354,-1.7458621263504
124,-0.708949685096741,-3.10918998718262,-1.06343734264374,-2.09424901008606,1.46931743621826,-0.304905444383621
125,1.18692827224731,-0.850523889064789,0.92506331205368,0.542725086212158,0.281369924545288,2.03580594062805
126,-0.522327959537506,-0.135282337665558,-1.35622882843018,-0.146139174699783,2.39510869979858,0.388480097055435
127,-0.0125377159565687,-0.380897611379623,-0.0790368393063545,0.020599065348506,-0.519530713558197,0.335333049297333
128,1.3417055606842,0.698829233646393,1.67854142189026,0.103129640221596,1.7225683927536,0.709426283836365
129,-0.378986477851868,-1.05647933483124,-0.403545886278152,-1.5421576499939,-0.316369473934174,0.435899615287781
130,-0.947038650512695,-1.39375722408295,1.53632080554962,0.269052386283875,-0.351975500583649,0.245644748210907
131,0.151189342141151,1.8053685426712,0.928202390670776,-0.221396759152412,-0.858084142208099,-0.926914393901825
132,0.183875396847725,-0.809828758239746,-0.344053268432617,0.679072201251984,-0.756913363933563,0.142237663269043
133,-0.296057403087616,0.431914567947388,-0.354377269744873,-0.36604043841362,-0.827489018440247,-1.115198969841
134,-0.922095060348511,-0.320417940616608,-1.00112617015839,0.3598473072052,-0.151510298252106,-0.781564891338348
135,-0.376430779695511,0.511794030666351,0.789410889148712,-0.620012283325195,-0.202536925673485,-1.06309306621552
136,-0.811026751995087,0.720498621463776,0.524002611637115,1.04197776317596,0.690330147743225,-0.951275527477264
137,-0.397419005632401,0.195734292268753,-0.391884058713913,-0.560653924942017,-0.561492085456848,-0.564628660678864
138,0.863286674022675,-0.992287456989288,0.269834041595459,0.965021431446075,-0.102918364107609,-0.487930744886398
139,0.309715569019318,0.090403638780117,0.827327787876129,-1.13713026046753,0.766093254089355,0.355717092752457
140,0.11977557092905,-0.626598179340363,-1.05861473083496,-0.848465323448181,0.534988820552826,1.42054009437561
141,0.462587088346481,-0.741177618503571,-0.462590336799622,-2.32825255393982,-0.673531174659729,-1.32932364940643
142,0.913316547870636,-0.516555070877075,0.0793280079960823,-0.591947436332703,-0.0855319425463676,2.26748919487
143,0.088280200958252,0.524493932723999,-0.339719742536545,0.626665055751801,-1.41989922523499,0.196824491024017
144,-0.158486425876617,0.103104755282402,-0.258607417345047,-0.78467184305191,0.326431155204773,0.989153742790222
145,-0.17895695567131,-0.877846479415894,0.0158052183687687,0.791422486305237,0.51406341791153,-2.12030458450317
146,-1.97195267677307,0.643172442913055,-0.842610478401184,1.11790704727173,-1.41906845569611,-1.58647572994232
147,-0.869742155075073,0.51239800453186,1.18404245376587,1.98458230495453,0.47296929359436,-0.548844158649445
148,-0.51701295375824,2.1048698425293,0.421570599079132,1.43776571750641,-2.78405332565308,-1.63384926319122
149,-0.992161273956299,0.03638955950737,0.008381187915802,0.825893700122833,0.289588272571564,-0.08517025411129
150,1.17451572418213,1.27766692638397,-0.378543436527252,0.454933106899261,0.525251269340515,0.364191263914108
151,1.71560168266296,0.0408847518265247,0.0173868127167225,2.23046183586121,1.46518874168396,0.592528223991394
152,-1.57563459873199,1.05871307849884,2.22551131248474,0.597616791725159,-2.17002463340759,-0.489649295806885
153,0.339904487133026,-1.49972224235535,-0.493495732545853,0.716582477092743,0.791140079498291,0.0942278280854225
154,-0.177245959639549,-0.548673689365387,-1.17623054981232,-0.856000065803528,-0.372384130954742,0.353754878044128
155,0.195278242230415,-0.613953113555908,0.0514256618916988,0.891086280345917,0.261226326227188,0.511764466762543
156,-0.190201431512833,-0.989906847476959,-0.928971648216248,-0.100641630589962,0.937249958515167,1.37320816516876
157,-0.379310727119446,-0.344596147537231,-1.84322714805603,-1.36821913719177,0.105065084993839,2.15273237228394
158,-0.985105156898499,-0.491267710924149,-1.60174131393433,-1.74749326705933,0.716318488121033,2.14608430862427
159,0.58977085351944,1.04078125953674,2.10357213020325,2.11752486228943,0.144231095910072,0.187332332134247
160,0.95589405298233,-0.158411264419556,-0.50503134727478,-0.659406781196594,0.751795887947083,0.644778966903687
161,-0.202880889177322,1.95284557342529,-0.881435394287109,1.38477790355682,-0.31402388215065,-1.15667307376862
162,0.485108643770218,1.47553145885468,0.46011146903038,-0.444104135036469,0.116471506655216,1.9351749420166
163,0.711893737316132,-1.1528160572052,-1.88625407218933,1.46660852432251,1.64687693119049,1.59993171691895
164,-0.562316954135895,-0.602476894855499,0.445131599903107,0.114815287292004,1.5042268037796,0.837644338607788
165,-0.174216464161873,-0.214138895273209,-0.929690957069397,-0.64313405752182,-0.600776195526123,-0.170818760991097
166,1.01648902893066,-0.281610399484634,1.51339483261108,1.04780054092407,-0.644299328327179,0.609125196933746
167,-1.41611695289612,-0.404852777719498,-0.636497914791107,-0.224547654390335,-2.39146757125854,0.775496304035187
168,1.09910380840302,0.246881082653999,0.790419280529022,-1.12287545204163,0.705160558223724,1.92454874515533
169,-0.835806012153625,0.843654155731201,0.779567182064056,-0.18376536667347,-1.91998815536499,-2.20981311798096
170,0.15540586411953,1.38635504245758,1.10540080070496,-1.16920912265778,-0.106180727481842,-0.713596701622009
171,-1.54235398769379,0.579709768295288,0.918168604373932,0.345595419406891,-0.578901648521423,-0.56282764673233
172,-0.606188535690308,-2.40645837783813,-1.94147956371307,-0.662890017032623,-2.53102731704712,-1.38697779178619
173,0.765522062778473,-0.525121331214905,-0.390198647975922,0.525860846042633,0.66305810213089,0.835150182247162
174,1.70030546188354,-0.47325998544693,0.345421403646469,-2.05518960952759,0.405480802059174,0.988209128379822
175,-0.811557054519653,0.545263886451721,0.45262423157692,2.15624570846558,-1.45361697673798,-0.217749089002609
176,0.296172171831131,-1.27928507328033,1.22724604606628,0.172611311078072,0.211878314614296,-1.22033202648163
177,-0.764330387115479,0.26841875910759,0.337773203849792,1.48300492763519,-0.252020716667175,-0.462900608778
178,0.331049621105194,1.54842388629913,3.45627212524414,1.47626745700836,0.088248185813427,-1.21501111984253
179,0.192460224032402,-0.539197206497192,-0.052088838070631,0.326455682516098,0.0889769271016121,0.752796590328217
180,-2.26495623588562,0.787361919879913,2.46257758140564,0.28092497587204,-0.771427690982819,-0.408561676740646
181,0.0506063401699066,0.361292451620102,-0.910389065742493,2.76968789100647,0.556929290294647,-0.49904665350914
182,-0.676722884178162,-0.131774142384529,1.46124517917633,-0.276411831378937,-0.52515572309494,-0.190859362483025
183,0.894202828407288,-0.00330390082672238,0.272100061178207,-0.688130021095276,-0.0292180888354778,-0.167830109596252
184,-0.477975010871887,-1.14756655693054,-0.812349796295166,0.023090410977602,-1.09550583362579,0.104362115263939
185,-0.769902169704437,-0.436773538589478,0.842001259326935,-0.17588584125042,0.350583255290985,0.414836406707764
186,1.66547620296478,-0.33154958486557,0.171562999486923,1.41910874843597,0.680588245391846,1.10659110546112
187,-0.267218589782715,-0.253007769584656,-0.228612989187241,0.0861778110265732,1.87124526500702,-1.96591329574585
188,-0.156458884477615,-0.161637291312218,-0.797524511814117,-1.67260181903839,0.252118349075317,0.146861776709557
189,-0.334374785423279,-0.507506012916565,-0.946912169456482,-2.43275475502014,1.38625597953796,0.791532337665558
190,-0.835866868495941,-0.544809699058533,-0.256128311157227,0.918392360210419,1.49253857135773,0.777535617351532
191,0.318674832582474,1.79212439060211,1.68700468540192,-1.34212422370911,-2.12299156188965,-1.68088114261627
192,1.87401390075684,1.40461587905884,1.4454790353775,0.400585979223251,-0.28999051451683,-0.680976033210754
193,0.372190982103348,2.48016262054443,2.09577941894531,0.946121692657471,-0.647082388401031,-1.21240949630737
194,-1.7126704454422,-0.600451767444611,0.888946235179901,1.70966672897339,0.527631044387817,-0.812951326370239
195,0.169659793376923,0.381368368864059,1.39103162288666,-0.0832583084702492,-0.732789278030396,0.558104753494263
196,-0.303941369056702,0.378603637218475,1.21824264526367,0.773630738258362,-1.32210552692413,-0.350663214921951
197,0.471014231443405,1.05332911014557,0.532878458499908,1.18051254749298,0.802742838859558,1.4133996963501
198,-1.47160375118256,0.501340627670288,2.08496451377869,0.633264064788818,-1.01259887218475,-0.19595704972744
199,0.155270740389824,1.17206645011902,1.46409225463867,0.749903380870819,1.08761787414551,0.802778303623199
200,-0.0823759660124779,-0.825688600540161,-0.192051976919174,1.5990663766861,0.45282706618309,0.885018289089203
201,2.50580501556396,1.04608941078186,1.20646822452545,0.708998799324036,0.328741759061813,-1.64816832542419
202,-0.212790220975876,0.00849344301968813,-1.16170465946198,1.08948588371277,-0.856662094593048,0.266011476516724
203,0.853963136672974,0.23719696700573,-0.368885040283203,0.703984141349792,0.111003749072552,-2.07958960533142
204,-1.34426474571228,-0.119312964379787,0.935407638549805,0.281030774116516,-0.977630257606506,-2.10697245597839
205,0.128585532307625,-0.140651136636734,0.437615215778351,-0.173069819808006,0.789382815361023,0.478616505861282
206,1.54338955879211,1.10038304328918,-0.756090104579926,0.320398330688477,1.69805717468262,0.709322392940521
207,1.15210521221161,0.900456130504608,0.286212712526321,-1.03082418441772,-0.629469394683838,-0.354256451129913
208,0.3741475045681,-0.898654341697693,-0.754224181175232,0.642255961894989,0.840834558010101,1.21447145938873
209,-0.477881789207459,0.058342982083559,0.539766192436218,0.726323902606964,-0.259114444255829,2.25010967254639
210,0.135385051369667,0.286464899778366,1.7378488779068,-0.622263789176941,1.61113619804382,1.2104766368866
211,1.10665845870972,0.406182587146759,-0.0260474532842636,0.602570354938507,-1.613924741745,-0.19181464612484
212,-0.218664407730103,-1.79618775844574,-1.5777370929718,0.54150116443634,0.677291333675385,-0.731495141983032
213,-1.20498979091644,-1.75301563739777,-0.898635029792786,0.0431566387414932,-0.108130425214767,-1.02832651138306
214,0.288856267929077,-0.40110656619072,0.0916363298892975,-0.143041521310806,-0.205482885241508,-0.726643741130829
215,0.138025015592575,-0.567757189273834,0.764797329902649,-0.709024250507355,-0.695039868354797,0.462514609098434
216,0.482103794813156,1.92057490348816,0.334675550460815,-1.12206888198853,-0.67492800951004,-0.109190583229065
217,-2.11784601211548,-0.535809099674225,0.736487805843353,1.033931016922,1.01023077964783,-0.763814866542816
218,-1.04985117912292,0.265815675258636,0.290232181549072,0.30237865447998,-0.802420258522034,-0.334463804960251
219,-1.11497151851654,-0.685504674911499,1.00854671001434,0.306881070137024,1.23225653171539,0.178876891732216
220,-0.193196713924408,-3.65106654167175,-1.32442498207092,-0.869040668010712,-0.245774015784264,1.36454463005066
221,-0.634829998016357,-1.0447541475296,-1.5466548204422,-0.687104225158691,-0.389134556055069,-0.862596690654755
222,0.703635275363922,-0.465333938598633,-1.03521418571472,-0.480855226516724,0.417290687561035,0.469803184270859
223,-0.914084613323212,-1.53859984874725,0.31879335641861,0.389120280742645,0.747970998287201,0.522646725177765
224,1.80964076519012,-1.11156332492828,-1.73225891590118,1.79753255844116,-0.0537093915045261,0.100355535745621
225,1.67133498191834,0.18897271156311,-0.200964540243149,-0.0021641980856657,0.255066335201263,0.215482994914055
226,0.878271639347076,1.4286150932312,-0.543119013309479,-0.0217602085322142,-0.360469520092011,-0.20441897213459
227,0.109740845859051,2.31712675094604,0.942385733127594,0.631948053836823,-0.551826059818268,-1.34175896644592
228,-0.569279134273529,-0.543045401573181,-1.38875806331635,-0.553021430969238,-2.29655361175537,-0.403499960899353
229,-0.941503763198853,0.373749285936356,0.944702744483948,1.54262256622314,-0.596093535423279,-0.376883327960968
230,0.953012526035309,-0.714975357055664,-0.00077274558134377,1.39224255084991,0.634933352470398,0.192699566483498
231,-0.323951065540314,-0.111563742160797,-1.61129355430603,0.361111253499985,-0.349239468574524,-1.30902028083801
232,0.0592740066349506,-0.159966304898262,-0.380573779344559,-0.933224022388458,-1.54344248771667,-0.113240584731102
233,-1.77807009220123,1.45707499980927,-0.39360237121582,-1.09591138362885,-1.4362815618515,2.25600242614746
234,-1.46806216239929,-0.133411899209023,0.503383100032806,0.388969868421555,0.43092480301857,-0.353419721126556
235,2.15918135643005,1.63933348655701,0.0508703514933586,0.284324496984482,-0.413654446601868,-0.0368012972176075
236,0.119187735021114,-0.579670190811157,-1.60522425174713,-1.70764064788818,-1.76911091804504,0.949777841567993
237,0.528310060501099,-1.00771844387054,-0.967151165008545,-0.406070679426193,0.633531093597412,0.343387693166733
238,-0.835800230503082,-1.66072046756744,0.16745913028717,-1.24364495277405,-1.43587756156921,-0.842341601848602
239,-0.786228120326996,-1.12616801261902,-0.801949083805084,1.32616102695465,-0.337312877178192,1.73916900157928
240,0.762921392917633,0.431105107069016,0.373024851083755,2.01888060569763,0.160057127475739,0.117419451475143
241,-1.39002728462219,0.0697846710681915,0.125318452715874,-1.14913141727448,-0.451445370912552,-0.233865559101105
242,-0.686806678771973,0.707556188106537,-1.78519177436829,-0.50865226984024,-0.114815875887871,0.602456092834473
243,0.637381494045258,1.07867753505707,0.863786339759827,-0.649708211421967,-0.595506191253662,0.0166309643536806
244,0.227799892425537,0.254220455884933,0.933246314525604,-0.126504898071289,-0.380329549312592,-0.155079990625381
245,-0.52783077955246,2.0916223526001,1.66079127788544,1.87521421909332,-0.0474180243909359,-0.217199966311455
246,2.08231520652771,-0.977837085723877,-0.119653515517712,-0.573967158794403,0.561436712741852,2.84491920471191
247,0.595114171504974,1.08724367618561,0.336900502443314,0.237243011593819,-0.501518428325653,-1.40598487854004
248,-1.43409979343414,0.6798956990242,-1.33450722694397,-0.816347718238831,-0.546815395355225,-0.350751042366028
249,0.744022309780121,0.90692925453186,-0.0525638982653618,-1.21602833271027,-0.217497155070305,-0.404163628816605
250,0.334813475608826,-1.57708668708801,-1.61348903179169,-0.903255760669708,1.62482023239136,1.0735547542572
251,0.549565434455872,0.268229573965073,0.0958838984370232,-0.570502996444702,0.937390863895416,0.512085676193237
252,0.0392351038753986,1.17455387115479,-1.13294684886932,0.359021037817001,0.658947229385376,-0.227086991071701
253,-0.335330843925476,-0.389132618904114,1.9911515712738,-0.414371877908707,-0.558753609657288,1.00761556625366
254,-0.620734870433807,0.141282677650452,-2.00250172615051,-0.450846940279007,-1.70500314235687,-0.395362883806229
255,1.22448658943176,-1.48994517326355,-2.06664967536926,-0.740042805671692,1.6410516500473,1.38417482376099
256,0.236575022339821,-0.184574335813522,0.478018313646317,1.65992259979248,-0.80046546459198,-0.755717933177948
257,-0.651082873344421,-0.285549253225327,-0.282142549753189,1.00071358680725,1.41210210323334,-0.668161392211914
258,0.289138227701187,0.0486614368855953,-0.520563423633575,-0.636911988258362,0.598437428474426,1.4411883354187
259,-0.78637969493866,-0.0806718170642853,-0.883805871009827,0.289196848869324,-1.14283621311188,-0.765702605247498
260,0.492115527391434,1.23289823532104,1.6055361032486,-0.647972166538239,2.05192422866821,-0.892602920532227
261,0.688964128494263,-0.972169697284698,0.584661960601807,1.55285334587097,-0.71497243642807,-1.0044823884964
262,-1.44725835323334,-0.00915277842432261,-0.644878387451172,-0.724161326885223,-1.9684249162674,-0.331853687763214
263,-0.53009295463562,1.23050904273987,2.00616049766541,-0.226846665143967,-0.965930938720703,-1.52042365074158
264,0.167411148548126,-0.446996122598648,0.254302620887756,0.618538498878479,-0.607109308242798,-1.21761870384216
265,-0.448105841875076,-0.0911494866013527,1.30138170719147,1.42398023605347,0.578486382961273,-0.305638343095779
266,-1.83106243610382,1.13315629959106,0.850098848342896,0.175312519073486,0.0917973816394806,-1.67638182640076
267,-0.319981038570404,-0.309227377176285,-1.37318325042725,-1.06845438480377,2.16312122344971,1.26658868789673
268,0.00454789120703936,-0.521105289459229,-0.37212198972702,2.13858246803284,1.97227215766907,0.182210519909859
269,0.639104545116425,-0.125393971800804,0.468074023723602,-0.776230096817017,-1.50019860267639,0.263290017843246
270,-0.804771900177002,-1.03774416446686,-0.210020661354065,0.510761201381683,-0.742292702198029,-0.499606251716614
271,0.282340049743652,-0.174394220113754,-0.98682701587677,0.717885255813599,0.027390368282795,0.719553768634796
272,-0.45706894993782,-1.77448570728302,-2.07555770874023,-0.44159734249115,-1.26663947105408,1.62780547142029
273,0.806899845600128,-2.44701862335205,-0.792855978012085,-0.983631908893585,1.93270802497864,1.27239811420441
274,0.399204701185226,-0.553278982639313,-0.673730313777924,1.14282155036926,-1.27861225605011,0.243311733007431
275,-0.698082149028778,-0.961626470088959,-0.967621028423309,0.362512201070786,1.01017320156097,-0.92093151807785
276,0.0556830614805222,0.0252373963594437,1.54456412792206,1.15235161781311,-0.067192018032074,0.139909371733665
277,-1.07700705528259,-2.27423810958862,0.00970040448009968,0.379921019077301,1.23789656162262,0.264543145895004
278,-0.196760714054108,0.416416168212891,-0.43782964348793,-0.505153238773346,0.313545137643814,0.158787414431572
279,0.636378765106201,0.712376654148102,0.398775637149811,0.215770423412323,-0.387644797563553,-0.543272972106934
280,0.461210012435913,-0.694769680500031,-0.488780289888382,0.236788183450699,0.414017587900162,-1.14087498188019
281,0.568021774291992,-1.76069164276123,0.230029493570328,0.610780417919159,0.98311859369278,0.134737268090248
282,-1.97340631484985,0.0529741682112217,-0.39372119307518,0.680219233036041,0.970452189445496,0.73779821395874
283,0.503455460071564,1.18263649940491,0.562023878097534,1.48229098320007,0.0418709851801395,0.687359929084778
284,-0.611558258533478,-0.0870484188199043,-0.195362880825996,-0.345736771821976,-0.00891357753425837,0.964418470859528
285,-1.28577387332916,-0.792554795742035,0.28042733669281,1.5337917804718,1.95065987110138,0.057934008538723
286,-0.0882429853081703,-0.536034464836121,-1.87307679653168,-0.175333887338638,1.02725780010223,1.32699871063232
287,1.79862904548645,0.0129271503537893,-0.136844009160995,0.368131965398788,1.1297847032547,2.22085690498352
288,0.57805860042572,2.17232513427734,0.842901170253754,0.627256393432617,0.953157246112823,-0.579222738742828
289,1.87639832496643,-0.467554032802582,0.578623473644257,-0.624053120613098,0.826956033706665,0.000355662836227566
290,-1.54211926460266,-0.844396412372589,-0.345400661230087,0.669146239757538,-0.28048974275589,-0.0837098658084869
291,0.315316379070282,1.06765019893646,0.0546551309525967,-1.33427321910858,0.924603939056396,1.08663201332092
292,1.86611557006836,-1.11318075656891,0.911992788314819,0.1036027520895,0.762919783592224,0.316649258136749
293,0.763248085975647,-0.735054552555084,-1.15668082237244,-1.51173520088196,1.17921900749207,-0.168491140007973
294,2.04945945739746,0.343753695487976,0.0625156387686729,0.410531520843506,0.551285147666931,-1.83440959453583
295,-1.09610033035278,0.0764562636613846,-0.333799511194229,-1.82403361797333,-2.52339482307434,-0.283538520336151
296,-0.735166013240814,1.25101935863495,-0.921004354953766,0.136019915342331,0.37517648935318,-0.0604834742844105
297,-0.431325495243073,1.64566540718079,1.53329503536224,1.42449021339417,-2.6928551197052,-1.43123650550842
298,-1.20380055904388,0.158877640962601,-0.580063462257385,0.621720016002655,0.425214618444443,-0.0789435878396034
299,-0.452082544565201,0.365810483694077,1.23750197887421,1.04712283611298,-0.404204487800598,-0.382235556840897
300,1.25838279724121,-0.353458017110825,1.14373207092285,-2.14940571784973,1.71393752098084,0.434920072555542
301,0.291146486997604,0.73070228099823,-0.646513104438782,-0.65851217508316,-0.348265320062637,-0.315107822418213
302,0.415733575820923,0.297303348779678,0.364684551954269,0.135631367564201,-1.55363917350769,-2.04429221153259
303,-1.61452257633209,1.50183522701263,0.874846637248993,1.35281491279602,0.105065874755383,-0.749374985694885
304,0.688078641891479,-0.0835158675909042,-1.44214332103729,-0.477864414453506,0.498021125793457,1.30450928211212
305,-3.09730625152588,-0.254092544317245,-0.25310543179512,-0.153768852353096,0.837953686714172,0.0176471211016178
306,-0.350133627653122,1.55353462696075,-2.4971330165863,1.40322959423065,-1.63383436203003,0.0423519872128963
307,-0.468100965023041,-0.603086471557617,0.126922711730003,0.767232954502106,1.26800012588501,-0.323972642421722
308,-0.180248320102692,1.29530191421509,1.00699746608734,-0.154195427894592,-1.08578050136566,0.0147570427507162
309,-0.525421142578125,-0.0735512524843216,-1.13857102394104,-0.193303734064102,-1.41689300537109,0.169926300644875
310,-1.46207571029663,1.44953870773315,0.387534111738205,0.738319575786591,-3.48767924308777,-1.17560791969299
311,-0.220599517226219,-0.971999287605286,-0.102686733007431,-1.08276522159576,0.262590914964676,-1.36058640480042
312,0.473041534423828,1.44899690151215,0.700922250747681,1.42536532878876,0.396694362163544,1.13250124454498
313,0.454969972372055,-1.75796008110046,-1.11231374740601,-2.00090837478638,-0.273176491260529,-0.953183174133301
314,-0.738056540489197,-0.463996767997742,-0.0393569692969322,-0.492541551589966,-1.16204392910004,-2.66126751899719
315,-0.148282021284103,-2.13816022872925,1.60595738887787,-0.853499114513397,1.18990683555603,0.864178955554962
316,-2.36013150215149,-0.668827176094055,1.53322446346283,1.01168441772461,0.792771816253662,0.910960257053375
317,-2.17655301094055,1.53990530967712,2.09335803985596,1.65444898605347,-2.7406313419342,-2.86486196517944
318,1.50615227222443,-0.717682778835297,-0.417934268712997,1.29562509059906,0.525236010551453,1.03111946582794
319,-0.969037652015686,-0.509128510951996,-0.459855169057846,-0.988868594169617,0.425011098384857,-2.05705380439758
320,-0.461929768323898,0.0569855980575085,0.303540289402008,0.259242802858353,-0.997345805168152,-0.946075618267059
321,-1.04653680324554,-1.26632857322693,-0.394513547420502,-1.72749590873718,1.47612452507019,-0.12926983833313
322,-1.23037624359131,3.1571888923645,-0.557138621807098,-0.256549090147018,-0.9015833735466,-0.240768864750862
323,-0.810055792331696,0.429510027170181,0.064282514154911,-2.00200915336609,-0.286535054445267,-1.10259139537811
324,-1.40889120101929,0.106732450425625,0.742327451705933,-0.485356092453003,-0.568743169307709,-0.689580619335175
325,-0.798958957195282,0.400181263685226,-1.3016175031662,-0.85396945476532,0.371618866920471,-0.0655294731259346
326,0.638661861419678,-0.905149936676025,-2.51183652877808,-0.283147215843201,-0.445180118083954,-0.259591400623322
327,0.711404263973236,0.00761808082461357,0.196971610188484,-1.85967242717743,0.627647519111633,-0.388801842927933
328,-0.295583665370941,0.139275446534157,-0.300247758626938,-1.15935385227203,-0.472123861312866,0.393254816532135
329,-0.234915360808373,0.243088573217392,-0.393509715795517,-0.486086040735245,-0.141283273696899,0.0198883172124624
330,-0.725192904472351,0.689561367034912,0.762514889240265,-0.469319492578506,-0.0588309653103352,0.382616817951202
331,1.11842226982117,-1.48122823238373,-0.870116770267487,-0.0152245489880443,-1.20495843887329,-1.37069869041443
332,0.548062145709991,0.149724215269089,-0.164177864789963,-1.37989413738251,0.820674777030945,0.727423012256622
333,-1.39993357658386,-0.140719652175903,0.234576210379601,-0.569937884807587,0.0979943200945854,1.89545166492462
334,-0.438666015863419,0.448371678590775,-0.948929250240326,-0.763145804405212,-1.47048258781433,-0.480762034654617
335,-1.15042722225189,0.364119529724121,-0.801275014877319,0.0928344428539276,-0.87033623456955,-1.37951803207397
336,0.165453046560287,1.93140184879303,-0.411840885877609,0.653062999248505,0.244301363825798,-1.3946133852005
337,-0.814760148525238,0.593862533569336,-1.74614059925079,-1.3370954990387,-0.770008265972137,-0.895477175712585
338,0.218467593193054,-1.7159583568573,-0.505471646785736,-1.05470240116119,0.176707476377487,0.649467349052429
339,-0.392641961574554,-0.174218252301216,1.71091091632843,-0.114822447299957,-0.762677788734436,0.130867317318916
340,0.596591949462891,-1.13260126113892,-0.571817219257355,-1.50459539890289,0.763779163360596,1.16712808609009
341,-0.910052061080933,-0.674099624156952,-0.702169120311737,-0.328301072120667,-2.06276392936707,-0.868586540222168
342,-0.415501534938812,0.774483740329742,0.942155301570892,0.84021407365799,0.0274313315749168,-1.18335843086243
343,-0.64646852016449,-1.34727132320404,0.397553503513336,1.12514531612396,1.00564086437225,0.133971348404884
344,-0.221751779317856,0.652779519557953,1.4621729850769,1.09316730499268,-1.15924477577209,-0.391989380121231
345,-0.683156430721283,-0.21414278447628,-0.105394296348095,0.380954742431641,0.571097195148468,-0.539902091026306
346,-0.882461965084076,-0.715265810489655,-1.42691445350647,-0.61262172460556,-0.590674102306366,-0.780981540679932
347,0.00961065944284201,0.915112853050232,-0.234306633472443,-0.393346220254898,0.578594923019409,0.00928422994911671
348,-0.130477920174599,1.65402448177338,-0.138796761631966,-0.314712464809418,-0.834855496883392,1.06777989864349
349,-1.49935817718506,0.690939247608185,0.816166758537292,0.104124486446381,0.241952165961266,0.375150799751282
350,0.244051799178123,0.0251557435840368,-0.225841671228409,-0.78116500377655,1.21765005588531,1.29100978374481
351,1.65029561519623,0.140020713210106,-0.887906134128571,-1.09408628940582,0.153307154774666,3.01178050041199
352,0.276275128126144,0.0721090883016586,1.31648540496826,-0.581340372562408,-0.994405686855316,-1.27020239830017
353,-0.0976994782686234,1.35956585407257,0.73946750164032,-0.609506368637085,1.22614860534668,-0.116821967065334
354,0.795552909374237,-1.53739047050476,-0.722772836685181,0.12744864821434,0.276129841804504,1.16098487377167
355,-0.288459092378616,-1.65783214569092,-0.702896296977997,-1.1911233663559,0.562389492988586,1.9850492477417
356,1.28845000267029,-0.749457478523254,-0.471432209014893,-2.77650809288025,0.0572905242443085,0.906568109989166
357,0.761228561401367,0.435259193181992,-0.347618848085403,0.608895659446716,2.19754648208618,0.853055834770203
358,0.970386743545532,0.324888288974762,0.434447646141052,0.662646174430847,-0.217988431453705,0.237374305725098
359,-0.242565408349037,-0.19867792725563,0.436324506998062,0.0543954595923424,1.84678208827972,0.790579736232758
360,0.950829207897186,0.548812806606293,-0.33666929602623,-0.0427029132843018,0.811891794204712,-0.795516490936279
361,-0.589255392551422,0.0610887743532658,-0.339095026254654,0.373259216547012,-0.254852145910263,-1.17058277130127
362,-0.453277111053467,0.376906782388687,0.161919057369232,0.0135514624416828,-1.2772091627121,0.387546688318253
363,0.66509997844696,-0.315671056509018,0.647867202758789,1.78320097923279,0.915512681007385,-0.327784925699234
364,-1.1175445318222,-1.83946180343628,-1.91136491298676,-0.907032549381256,0.284200876951218,-0.536468207836151
365,-0.300428152084351,0.139118000864983,-0.0434142164885998,-0.825616896152496,0.282339066267014,1.13062024116516
366,-1.01459503173828,-0.833894908428192,-0.394002288579941,-1.00873672962189,-1.01930058002472,-1.03232264518738
367,-1.22065508365631,-1.21108520030975,-0.318437993526459,-0.666107356548309,0.171813160181046,-1.7044860124588
368,0.356858760118485,0.346847891807556,1.62516415119171,0.0403602533042431,0.859270870685577,0.650220453739166
369,-0.169039830565453,0.453393638134003,-0.310023009777069,0.298253446817398,-0.561456143856049,0.999136924743652
370,2.38274693489075,1.4857611656189,0.155987292528152,-0.329520523548126,-1.12929904460907,0.731700420379639
371,-0.446203947067261,-0.0748337656259537,1.42672693729401,1.15619838237762,-0.569901525974274,0.0507596805691719
372,0.705467283725739,0.730007112026215,0.0453413873910904,0.297071427106857,-0.603299260139465,-0.928196787834167
373,0.667643368244171,0.879070460796356,0.197287023067474,-1.43225884437561,1.99772465229034,0.923854827880859
374,0.19362311065197,-0.286993950605392,-1.10441637039185,-1.22684514522552,1.26408684253693,-0.215428531169891
375,-0.388445734977722,1.46232807636261,-1.25566697120667,1.20570206642151,0.227818146348,0.259777992963791
376,-0.361403673887253,-0.0461124740540981,0.583405673503876,-1.10820841789246,-0.742621541023254,-1.98244619369507
377,0.324528485536575,-0.154045850038528,0.775229275226593,-1.13096618652344,1.28164768218994,0.661533236503601
378,2.38089179992676,1.33821105957031,0.567672312259674,1.3692729473114,0.122289188206196,0.929710924625397
379,0.315889775753021,0.414524614810944,0.548749208450317,0.347955167293549,-0.693757712841034,-0.173660755157471
380,-0.501942098140717,-1.51363503932953,0.681686103343964,1.0493141412735,-0.243573158979416,-0.401661813259125
381,0.964474558830261,-0.777740836143494,1.11927950382233,-0.18992018699646,-0.224599212408066,-1.41887843608856
382,-0.507443785667419,-0.795893609523773,-0.429901719093323,0.622182548046112,0.459134697914124,-0.0302686858922243
383,-0.418526411056519,-0.423172265291214,-0.573731303215027,-1.75072741508484,-0.328595817089081,0.417017072439194
384,0.712942600250244,0.30986151099205,0.412680834531784,-0.999404549598694,1.17499244213104,0.180487632751465
385,-1.05370819568634,1.33733403682709,0.560068428516388,-0.163787990808487,-1.04905021190643,-1.42027676105499
386,-1.54390835762024,0.483038306236267,-1.29313504695892,-0.0102044707164168,-0.599673330783844,-0.21317420899868
387,1.25756096839905,0.392746388912201,0.83451634645462,-1.2340053319931,0.686812460422516,0.0449241362512112
388,-0.290698826313019,-1.29794597625732,-0.00751925725489855,0.855112135410309,-0.728490710258484,-1.48561227321625
389,0.329942494630814,-2.00789999961853,-0.910104513168335,0.285589724779129,-0.723030507564545,0.607476651668549
390,0.373067498207092,1.31336331367493,-0.116050563752651,0.0828317627310753,-0.601851046085358,1.39263391494751
391,1.90656173229218,0.842430174350739,0.0467736087739468,0.120028518140316,-0.456208467483521,0.728661596775055
392,0.590309143066406,0.606328845024109,1.5624144077301,-0.179238617420197,1.1410858631134,-1.21076035499573
393,0.0134807247668505,-1.00304162502289,0.00954817328602076,-0.157104969024658,0.825723767280579,-0.561287045478821
394,0.187778055667877,0.0310347843915224,-0.789769411087036,-0.778523862361908,-0.223034515976906,-1.42964482307434
395,-1.17993712425232,0.0862647965550423,-0.68085378408432,0.312070310115814,-0.738774120807648,-0.0767397284507751
396,0.112192802131176,-1.77663028240204,-1.45238280296326,2.1977334022522,0.483162760734558,-0.20437254011631
397,-0.24543009698391,-0.0391849465668201,0.865677833557129,0.944079697132111,0.00663120299577713,0.929726183414459
398,-1.19818949699402,1.42849063873291,-0.840178728103638,-0.496269762516022,-1.42287027835846,2.41275334358215
399,0.953016698360443,0.251854956150055,-0.241780817508698,0.744593799114227,1.94074809551239,0.933650970458984
400,0.000888156122528017,0.730538070201874,-0.58917760848999,0.246281921863556,0.312110126018524,1.34655594825745
401,-1.04209136962891,2.26441740989685,-0.27626770734787,1.36403441429138,-1.99784398078918,-0.205107033252716
402,1.95456969738007,0.650936782360077,-1.57423031330109,-1.36390483379364,2.56298565864563,0.644503235816956
403,2.13022112846375,1.59130251407623,2.06534576416016,0.655113101005554,-0.458846122026443,-0.977699398994446
404,-0.689523935317993,-1.4872499704361,-1.11159753799438,-1.00070345401764,-0.211970210075378,-0.257899671792984
405,-0.246683344244957,-0.0640364214777946,-0.274568378925323,1.23528504371643,1.14476716518402,0.482070118188858
406,-0.319472342729568,-0.527320563793182,0.0737834647297859,0.742180585861206,-0.909989416599274,0.729884028434753
407,0.416112095117569,0.798028707504272,0.805758714675903,-1.14077842235565,-0.454643964767456,0.7215695977211
408,-1.18002247810364,-0.23829673230648,0.271643757820129,1.42098891735077,-0.515699982643127,-1.58638489246368
409,-0.288624584674835,-1.93544661998749,-1.69473576545715,-0.821976363658905,0.795504212379456,-0.246420651674271
410,0.964547336101532,-0.144135177135468,-0.130957022309303,0.334234327077866,0.376781433820724,1.03707528114319
411,0.887199640274048,-0.589690208435059,0.750540316104889,-0.206672161817551,0.872054040431976,0.0927327424287796
412,-0.208210453391075,0.0458055324852467,0.632529973983765,1.90278494358063,1.02854812145233,-0.541707456111908
413,-0.0146929528564215,1.10167789459229,1.54055678844452,0.372859299182892,-1.64269471168518,-1.54460954666138
414,-0.6762735247612,1.66740548610687,-1.10582184791565,0.412194788455963,1.33232367038727,0.291744083166122
415,1.75821018218994,1.59973132610321,0.0959816351532936,-0.580607354640961,0.426360756158829,0.278765767812729
416,-1.07096064090729,0.97858715057373,-0.787938058376312,-0.590925693511963,-0.202583268284798,0.199718296527863
417,-0.707991898059845,-1.11827600002289,-0.587334811687469,-0.0179413128644228,-0.533441185951233,-0.911769092082977
418,-0.525924146175385,0.104829534888268,0.615945339202881,1.53319752216339,-0.00340274069458246,-1.37368535995483
419,-0.469797074794769,0.77160632610321,0.760343134403229,0.588087856769562,-0.706912934780121,1.33408343791962
420,0.752698183059692,-0.611881911754608,0.495893001556396,0.637394726276398,-1.72012627124786,0.0717813521623611
421,0.567005693912506,-0.959467887878418,-0.782182991504669,0.252887099981308,0.127017006278038,2.16012382507324
422,0.883553683757782,0.107986405491829,-2.11702179908752,0.536114156246185,0.550329148769379,0.550693154335022
423,-0.925092577934265,-1.12555837631226,0.498135179281235,0.57144683599472,-0.433388590812683,0.248361498117447
424,-1.5397641658783,-0.581246137619019,-0.749898552894592,1.69831025600433,0.33935958147049,-1.70067620277405
425,-1.80765199661255,0.346241742372513,-0.139344185590744,-0.919081091880798,0.3763088285923,-0.902969479560852
426,-0.532140493392944,1.41628813743591,0.571128606796265,0.310491025447845,-0.482401818037033,0.327917456626892
427,2.13891768455505,0.367379605770111,-0.429583609104156,-1.02711200714111,-1.55483770370483,-0.644847512245178
428,-0.41468009352684,1.53979194164276,-0.892506182193756,-0.415072083473206,-1.85405695438385,-1.01694452762604
429,0.458070933818817,-0.656946539878845,-0.432112038135529,-0.627569377422333,-0.294218957424164,0.172861754894257
430,-0.21672423183918,0.49517548084259,0.362454861402512,-0.748738646507263,-0.912687182426453,-0.369983583688736
431,0.589785397052765,1.41819500923157,1.28480184078217,1.31711411476135,-0.900450706481934,-1.83332967758179
432,-0.473489820957184,1.16716861724854,1.21395862102509,2.08474564552307,-1.44455826282501,1.2922887802124
433,0.805625915527344,-1.54424965381622,1.13795578479767,-0.166047364473343,-0.75391685962677,-0.0902904942631722
434,0.805369436740875,-0.412851244211197,-0.418401211500168,0.483441948890686,-0.117182545363903,0.0359187200665474
435,0.618760287761688,1.60050201416016,2.59292101860046,0.346766382455826,0.0614307597279549,0.0166501309722662
436,1.03350210189819,2.33498096466064,1.03990721702576,0.689597547054291,0.241549149155617,1.70871818065643
437,-0.0898537784814835,1.68660426139832,0.533133208751678,1.46153771877289,-0.720582544803619,0.393788516521454
438,-0.275193482637405,0.280511260032654,-0.734039962291718,-0.521223306655884,-1.12105298042297,-0.277986347675323
439,-0.451976716518402,-0.174091428518295,1.08109796047211,0.9548020362854,-0.260360568761826,-1.30448722839355
440,-0.0119730243459344,0.214804098010063,-0.303620398044586,-0.485810339450836,-0.623295962810516,1.5903856754303
441,-1.35248291492462,0.154115900397301,-1.21924376487732,-0.838860690593719,-2.13775086402893,-1.70193588733673
442,2.39621162414551,0.245165780186653,0.488124400377274,0.440814822912216,2.11044502258301,1.74997091293335
443,0.635515928268433,-0.408555865287781,-0.740842223167419,-1.6517721414566,-0.338657289743423,1.52957797050476
444,0.906344354152679,-0.619548678398132,0.497421264648438,0.376038730144501,0.690377116203308,-0.642726242542267
445,1.63890886306763,-0.863118410110474,0.234829246997833,-0.479994714260101,0.192283377051353,1.68064665794373
446,0.593780755996704,0.643551826477051,1.33514320850372,0.340140134096146,0.665534198284149,0.521981775760651
447,-0.995543956756592,0.531605541706085,-1.0430474281311,-0.838318765163422,0.354011476039886,-0.474489480257034
448,-0.188665345311165,-1.2239351272583,0.530815601348877,0.125173002481461,0.752545952796936,1.18503534793854
449,-0.542763531208038,-0.686996459960938,1.26406812667847,0.965113699436188,1.1819509267807,0.144418224692345
450,0.825879752635956,1.68486094474792,-0.0887618213891983,0.513946771621704,-1.62021112442017,1.18684339523315
451,0.481122463941574,-0.150732576847076,-2.32377195358276,-0.318290650844574,-0.571090638637543,-0.701520800590515
452,-0.536573886871338,0.827683448791504,0.96939617395401,1.26763725280762,1.37411177158356,0.436058878898621
453,0.10065408796072,-0.871667742729187,0.397811710834503,-1.3146835565567,1.27212738990784,0.718003213405609
454,-0.985121369361877,1.33114266395569,-1.33035230636597,0.0313428714871407,0.912396311759949,0.96276730298996
455,-1.13450479507446,-0.532980442047119,1.27484905719757,-0.514718890190125,-2.0732421875,-0.586713373661041
456,-0.350320994853973,-0.899807453155518,0.227825552225113,-0.666446506977081,0.170853719115257,0.709302127361298
457,0.579117774963379,-2.00155544281006,-0.417998403310776,0.174916461110115,1.01959609985352,0.0667718425393105
458,0.925088584423065,-0.105921603739262,-0.434717506170273,-0.578993022441864,0.74980902671814,0.300611883401871
459,0.981234192848206,0.116512790322304,-1.46761667728424,-0.523398160934448,0.598607540130615,1.45349204540253
460,-1.18424558639526,-0.654928267002106,-0.977562427520752,0.836632490158081,-0.477275460958481,-0.568468868732452
461,-0.200123593211174,0.561439990997314,0.382437080144882,0.681486487388611,-0.450276076793671,1.91690444946289
462,-0.509738743305206,-0.221789598464966,0.378198176622391,-1.55788803100586,-0.45099812746048,-0.0245293565094471
463,1.82894837856293,-0.286751538515091,0.202458515763283,-0.645642280578613,1.46701538562775,0.0709035098552704
464,-1.4365793466568,-0.447631746530533,0.461139649152756,0.740131199359894,-1.38509333133698,-1.17615580558777
465,2.16044759750366,1.02768158912659,1.12488627433777,-0.57956874370575,0.799404561519623,0.608769655227661
466,1.04978883266449,-1.70627284049988,-1.32138621807098,-2.05193972587585,0.661158561706543,-0.991919636726379
467,-0.521546721458435,-0.443237125873566,0.240069523453712,0.683613657951355,0.564501225948334,-1.18033254146576
468,-0.356306374073029,-1.02551257610321,-1.202840924263,-0.0738761201500893,1.01364231109619,0.382820963859558
469,0.760209202766418,0.297578513622284,0.627075791358948,0.295581012964249,0.228141695261002,1.31626224517822
470,-0.0408921651542187,2.59327220916748,0.086034782230854,1.08696436882019,-0.663081169128418,-0.392299234867096
471,-0.0954277962446213,-1.08287537097931,-0.875416934490204,1.80010998249054,-0.0966264978051186,-0.328502386808395
472,-0.743257462978363,-0.254260301589966,-0.0403736345469952,0.446286827325821,0.0979847311973572,0.433232188224792
473,0.816203773021698,-0.542687654495239,0.943321168422699,1.26215314865112,-0.569959461688995,0.43707400560379
474,2.05317783355713,1.46275639533997,-1.31273174285889,-1.53049850463867,1.42366659641266,0.529335141181946
475,0.847451269626617,-1.23756051063538,0.865242540836334,-0.0242981389164925,0.76770293712616,0.753132998943329
476,0.307555317878723,-0.191632330417633,1.86693394184113,1.7032413482666,0.599634945392609,-1.2162801027298
477,0.495172828435898,-0.282994359731674,1.63059687614441,0.18024443089962,-1.19325435161591,0.158533558249474
478,1.21838998794556,0.313229650259018,0.712209939956665,0.40597003698349,-0.293312221765518,1.23474562168121
479,1.08748602867126,-0.589560270309448,-0.596444070339203,1.35380303859711,-0.780606031417847,0.913995444774628
480,3.05715298652649,0.382748126983643,-0.364808320999146,1.49899327754974,1.70061337947845,-1.76374733448029
481,-0.346706658601761,0.0790909305214882,0.0255085285753012,-0.127448379993439,0.204048663377762,0.491741597652435
482,-1.60618615150452,0.351862281560898,-0.0821661874651909,-1.44710373878479,-1.10708391666412,-0.178347736597061
483,1.36991488933563,-0.76378333568573,-1.26889586448669,-1.21484398841858,0.281207621097565,-2.35454511642456
484,-0.593745291233063,-0.420328915119171,-1.13475036621094,0.0344386510550976,-0.628964126110077,-1.56411480903625
485,-1.36410188674927,1.90430331230164,-0.561988770961761,0.487215399742126,0.265471190214157,0.48553267121315
486,0.109592847526073,0.609865605831146,0.519735395908356,1.23641061782837,1.17572569847107,-0.862981259822845
487,0.431785762310028,-0.38470721244812,-0.82077157497406,0.612019181251526,-0.300812721252441,1.17208862304688
488,1.1072096824646,-0.630154967308044,-0.285795509815216,-3.07254028320313,0.643537104129791,2.09447979927063
489,0.738153457641602,0.089882604777813,0.533799052238464,0.628759324550629,-0.69189590215683,-0.299221098423004
490,0.44173589348793,1.33502650260925,0.55495673418045,1.3389048576355,-0.336465954780579,0.270856827497482
491,1.0192437171936,0.455880731344223,0.119854547083378,-0.495113015174866,1.12081944942474,1.40328574180603
492,0.0129979625344276,0.594705700874329,-0.37431338429451,-1.02643942832947,-0.887715220451355,-0.867833495140076
493,-0.394957721233368,-0.757736086845398,-0.745774030685425,0.109507039189339,-1.3901035785675,1.11245465278625
494,-1.0394492149353,-0.531794190406799,-0.987684309482574,-0.266899347305298,1.28274524211884,-0.408938974142075
495,-0.5820472240448,-1.26751935482025,-1.09968173503876,-1.83173704147339,1.74089455604553,0.762856245040894
496,-2.25428104400635,1.02897083759308,-0.607961237430573,0.0214365180581808,-0.190362691879272,-0.394555568695068
497,-0.254541993141174,0.96569687128067,-0.146650105714798,-0.722191274166107,0.107922829687595,0.508511960506439
498,0.633342802524567,0.851299166679382,0.349128127098084,-0.506734132766724,1.18293118476868,0.520288825035095
499,-0.236992046236992,0.0376087464392185,-0.553401410579681,0.512468218803406,0.174976363778114,0.117594093084335
500,1.0656270980835,0.356514245271683,1.827516913414,-1.83177888393402,0.640399396419525,1.73995006084442
501,0.472287625074387,0.0420781411230564,0.459682762622833,-0.512850284576416,-0.343940377235413,-0.515764117240906
502,0.303327441215515,-1.57543981075287,-2.15668845176697,-1.14444291591644,1.29511296749115,0.24518883228302
503,0.783214330673218,1.58891081809998,-0.017524654045701,-0.168024361133575,-0.658932685852051,2.00964426994324
504,-0.378865629434586,-0.515408635139465,-1.05104565620422,-0.763635814189911,-0.723737776279449,0.512355029582977
505,2.1615138053894,0.739171624183655,-0.228358715772629,-0.649170994758606,-0.0581274889409542,-0.358218789100647
506,-0.292316973209381,-0.548333823680878,-0.0579302608966827,-1.19258785247803,0.898207187652588,-1.93151426315308
507,1.21472704410553,-0.544557690620422,-0.171732127666473,-1.29035902023315,-0.50050014257431,1.24397444725037
508,2.40564632415771,-1.1117901802063,-0.167189389467239,1.01583027839661,-0.166299507021904,-0.52238655090332
509,0.451890736818314,1.48048973083496,-1.70314574241638,-0.566245257854462,0.2219128459692,0.766441643238068
510,-0.402025014162064,0.139265030622482,-0.151433244347572,0.242163643240929,2.54472160339355,0.169640213251114
511,0.190676167607307,-1.32116758823395,-1.47233748435974,0.812493979930878,0.634002566337585,0.121444761753082
512,0.92520397901535,-0.592397451400757,-0.76098895072937,0.071274995803833,0.251149415969849,-0.751447021961212
513,-0.564471006393433,1.39504623413086,-0.893063724040985,0.337103277444839,0.177328377962112,-1.91526639461517
514,0.572462558746338,0.425760865211487,-0.0938372164964676,-0.701320588588715,0.427052825689316,1.35992586612701
515,-0.611912667751312,-0.722797691822052,-1.09202635288239,-0.885423004627228,0.165131971240044,1.67695701122284
516,-0.225207269191742,-0.740002930164337,-0.716387808322906,-0.622594892978668,-0.190460473299026,-0.21370330452919
517,-0.463627576828003,0.453779846429825,-0.421159267425537,-1.14734351634979,-0.186949491500854,-0.905603170394897
518,1.28046846389771,0.372308313846588,-0.334245085716248,0.46946108341217,0.162802696228027,-0.77681690454483
519,-0.551648557186127,-1.56165719032288,0.472483813762665,-0.889851152896881,-0.840541958808899,0.255678862333298
520,-1.32986783981323,0.166425853967667,-2.22407102584839,-1.60205483436584,-0.856162130832672,-0.354972779750824
521,-0.689228594303131,-1.52833223342896,0.431996166706085,-0.275224089622498,0.158330008387566,1.32470810413361
522,-0.00198184559121728,-2.08948755264282,-1.36173176765442,-0.631305336952209,-0.443880081176758,-0.560140192508698
523,0.534934997558594,-0.163456097245216,-2.2879741191864,-2.24411606788635,0.727996647357941,-0.220221668481827
524,-0.419666200876236,-1.58035671710968,1.24423408508301,1.54731392860413,-1.02090311050415,-0.877623200416565
525,1.47771394252777,0.971168518066406,-0.586559534072876,-1.03336417675018,-1.27034556865692,0.847447156906128
526,0.171724379062653,0.637597143650055,-0.618369936943054,-0.626587510108948,-0.55899840593338,0.269066125154495
527,1.65067553520203,-1.60784327983856,0.157455772161484,-0.0405338332056999,0.0921775251626968,-0.868850290775299
528,-0.153704583644867,-0.2881118953228,-0.397598385810852,-1.09881699085236,-1.22149646282196,-1.15651524066925
529,-1.55544078350067,-0.279379338026047,0.916458904743195,1.09794986248016,-0.443487405776978,-0.291925191879272
530,-1.89860129356384,-0.397112399339676,-0.3620325922966,0.767523884773254,2.0479531288147,0.785827279090881
531,-0.763841092586517,-0.159192621707916,0.311086744070053,-1.04658436775208,0.554061651229858,-0.355459243059158
532,-0.796702146530151,-0.0522457137703896,1.20632350444794,1.10490202903748,-1.0091917514801,-1.96594250202179
533,-0.618963718414307,-0.371895134449005,0.30275222659111,0.767959117889404,-1.46534669399261,-2.10662412643433
534,0.84018212556839,0.43497034907341,-0.70606404542923,-1.48798716068268,-0.358135133981705,0.651502072811127
535,-0.0591354668140411,-0.191014349460602,0.505325138568878,-0.146829649806023,0.464228689670563,0.854638159275055
536,1.85187208652496,1.48334503173828,0.0626417398452759,0.573189616203308,-0.906937301158905,-0.0612083487212658
537,-1.51480281352997,-0.685653865337372,0.6480832695961,-2.0267972946167,1.40134370326996,-0.443327695131302
538,1.12521469593048,0.602971255779266,0.171632617712021,-1.55108618736267,-0.286553293466568,0.633302390575409
539,0.448157429695129,-0.648256182670593,-0.973166048526764,-1.58250617980957,1.15800166130066,0.0963959991931915
540,-0.171510860323906,0.748494207859039,1.14214384555817,1.48093605041504,-0.845363736152649,-0.194598972797394
541,0.949027121067047,-0.0135693643242121,0.673563241958618,1.85685050487518,-0.83387678861618,-0.373783022165298
542,0.225730448961258,-0.37859320640564,-1.08600044250488,-0.458445250988007,-0.57265293598175,-1.69922459125519
543,0.113185778260231,1.80001628398895,0.501024544239044,-0.286613315343857,0.87690544128418,1.51810324192047
544,0.561446309089661,0.695287227630615,0.332895189523697,1.32399463653564,-0.242376446723938,-0.107199981808662
545,0.40527355670929,0.974368691444397,-0.166305139660835,-1.28818416595459,1.10755443572998,0.197213098406792
546,-0.202679648995399,0.780293643474579,-0.270507842302322,0.55220353603363,0.945650041103363,0.197767034173012
547,0.610436737537384,0.409053981304169,0.918185770511627,0.256954044103622,-0.621926665306091,-0.744437694549561
548,-0.736064195632935,-1.07338690757751,0.533137023448944,0.383415937423706,0.953073799610138,-0.912203550338745
549,0.14435575902462,-0.148719981312752,0.896435081958771,0.18813581764698,0.281656950712204,-0.828288018703461
550,-0.131055533885956,-0.395387709140778,0.0414430536329746,-0.120044864714146,0.28099650144577,0.184360042214394
551,1.88487756252289,1.35809278488159,0.554681599140167,-0.63764876127243,2.03551769256592,2.2793869972229
552,0.980265319347382,-0.320057302713394,-2.6682333946228,-0.198016509413719,-0.652789056301117,-0.364967197179794
553,0.404669642448425,0.231462061405182,0.887942790985107,0.578246653079987,0.795632660388947,1.06618356704712
554,-1.43918871879578,1.07595765590668,0.566416025161743,0.0261343624442816,-0.128406971693039,-2.17726039886475
555,1.52309119701386,-0.174354583024979,0.588145673274994,0.163410484790802,-1.68730092048645,-0.297384917736053
556,-0.192163661122322,-0.857585728168488,-1.17200076580048,1.6560024023056,-2.60874533653259,-0.424217045307159
557,-0.799062430858612,-1.91475188732147,-0.929696798324585,-1.23408854007721,0.838029086589813,0.526455521583557
558,-0.983088850975037,1.21687757968903,0.771679162979126,-0.322881400585175,-1.90245747566223,-2.53881883621216
559,-1.89154410362244,-0.808605968952179,0.448290348052979,0.604827404022217,-1.28832793235779,-0.585243046283722
560,0.868381559848785,0.527565658092499,0.635363340377808,-0.113097369670868,0.337640553712845,-0.939245939254761
561,0.659053385257721,-0.397000432014465,-0.53025096654892,1.38893568515778,-0.208823502063751,0.0162908528000116
562,0.387140661478043,-1.54524600505829,-1.3197215795517,-1.5662339925766,0.349745661020279,0.435200423002243
563,-0.0493418835103512,1.72181499004364,0.115060552954674,-0.717349767684937,-0.573699593544006,-0.336784541606903
564,1.00872707366943,0.410018414258957,-0.730092108249664,-2.09221005439758,0.19889785349369,-1.11455547809601
565,-0.37304624915123,-0.707441568374634,-0.0618461109697819,-0.296100646257401,1.17134535312653,1.17611420154572
566,-0.786576092243195,0.167937234044075,-0.716077506542206,-0.383843272924423,1.17468559741974,-0.038071483373642
567,-0.380674719810486,1.21334064006805,-0.282818228006363,1.00295472145081,0.899568915367126,0.0385104119777679
568,-0.552218079566956,0.625987529754639,-1.07706904411316,-0.172909036278725,-0.550280272960663,-0.208060249686241
