1,,1,1,25,24,,0,1,2,1,23,4,1,4,4,3,3,4,5,5,5,5,5,5,5,3,5,5,4,3,3,2,2,3,4,1,4,3,2,3,1,1,1,1,5,3,3,3,3,5,3,3,3,5,1,4,3,2,1,2.46153855323792,2.125,2.5,3.5,5,4.59999990463257,7.03000020980835
1,1,1,1,25,24,,0,1,2,1,23,4,2,4,4,1,3,2,5,4,4,4,5,3,4,3,4,4,4,3,2,2,1,2,2,2,2,2,1,1,1,1,2,1,1,1,1,3,2,3,3,2,1,3,1,1,1,2,1,1.69230771064758,1.5,2,1,4.40000009536743,3.59999990463257,7.03000020980835
1,1,1,1,25,24,,0,1,2,1,23,4,1,4,3,1,3,4,5,4,5,5,5,5,5,4,4,4,4,4,2,4,2,4,4,2,4,4,2,5,2,2,4,2,2,2,4,1,3,4,2,3,2,4,2,4,3,2,1,2.76923084259033,2.625,3.5,4.5,4.80000019073486,4.40000009536743,7.03000020980835
1,1,1,1,25,24,,0,1,2,1,23,4,2,4,3,3,3,2,4,4,4,4,4,2,4,4,4,4,3,3,4,2,2,1,2,1,2,2,1,1,2,2,3,2,2,1,1,2,2,3,1,1,1,3,1,1,1,1,1,1.53846156597137,1.5,2,1,4,3.59999990463257,7.03000020980835
1,1,1,1,25,24,,0,1,2,1,23,4,2,5,3,1,5,2,5,5,4,5,4,5,5,5,4,5,5,4,2,1,1,2,3,2,1,2,1,1,2,1,1,1,1,1,1,2,2,2,2,1,1,3,1,2,1,1,1,1.38461542129517,1.375,1.5,1.5,4.59999990463257,4.80000019073486,7.03000020980835
1,1,1,1,25,24,,0,1,2,1,23,4,2,4,3,1,3,3,5,5,4,4,5,5,4,5,4,4,5,5,1,1,1,1,1,1,5,1,1,1,1,1,5,1,1,1,1,1,3,1,1,1,1,1,1,1,1,1,1,1.61538457870483,1,2,1,4.59999990463257,4.40000009536743,7.03000020980835
1,1,1,1,25,24,,0,1,2,1,23,4,2,4,5,3,3,5,5,5,5,5,5,4,5,5,5,2,4,4,2,2,1,3,2,3,3,3,1,2,1,2,1,3,3,2,2,2,5,5,5,3,3,5,1,3,1,2,1,2,2.5,3.5,2.5,5,4.19999980926514,7.03000020980835
1,1,1,1,25,24,,0,1,2,1,23,4,1,4,3,1,3,4,5,5,4,4,5,5,5,4,4,4,4,3,3,4,2,4,4,4,4,4,5,5,3,3,4,2,3,3,3,3,3,5,3,3,3,4,3,5,3,4,1,3.53846144676209,3.125,3.5,5,4.59999990463257,4.40000009536743,7.03000020980835
1,1,1,1,25,24,,0,1,2,1,23,3,2,4,5,5,3,3,5,5,5,5,5,4,4,3,4,3,4,4,3,2,1,2,3,2,4,3,1,2,1,1,2,1,2,1,1,3,2,3,3,2,2,2,2,2,1,1,1,2,1.625,2,2,5,3.59999990463257,7.03000020980835
1,1,1,1,25,24,,0,1,2,1,23,3,2,4,3,1,3,3,5,4,4,4,5,4,5,4,4,3,4,4,2,1,1,2,2,2,1,1,1,3,1,1,2,1,1,1,1,2,3,4,3,2,2,2,1,3,1,2,1,1.53846156597137,1.375,2,3,4.40000009536743,4,7.03000020980835
1,1,1,2,100,35,2,2,3,1,2,6,5,1,4,5,1,3,5,5,5,5,5,4,5,5,5,5,5,5,5,5,3,3,3,4,3,3,3,3,3,3,3,3,3,3,3,3,3,4,5,2,3,4,3,3,4,3,3,1,3.07692313194275,3,3.5,3.5,4.80000019073486,5,7.03000020980835
1,3,1,3,100,35,8,3,3,1,1,29,3,1,3,1,1,3,4,5,5,5,4,5,4,5,4,4,4,5,5,2,4,3,4,3,4,4,3,2,3,3,2,3,2,3,3,3,4,5,5,3,3,3,4,3,3,3,3,1,3.1538462638855,3,4.5,3,4.80000019073486,4.19999980926514,7.03000020980835
1,3,1,3,100,35,8,3,3,1,1,29,3,1,4,3,1,5,5,5,5,5,4,4,5,5,4,4,4,5,5,2,1,1,3,4,1,2,1,3,1,3,1,3,1,1,1,3,2,3,5,4,2,3,4,1,1,3,3,1,2.69230771064758,1.375,2,1,4.59999990463257,4.40000009536743,7.03000020980835
1,3,1,3,100,35,8,3,3,1,1,29,3,1,4,2,1,3,4,4,5,5,5,4,4,4,4,3,3,4,3,,4,2,3,4,4,4,3,3,3,3,2,4,2,2,2,5,5,5,5,5,3,3,3,4,3,3,4,1,3.92307686805725,2.625,4.5,3,4.59999990463257,3.59999990463257,7.03000020980835
1,3,1,3,100,35,8,3,3,1,1,29,,2,4,5,5,5,2,5,4,4,4,5,4,3,4,4,3,4,4,2,1,2,2,2,3,2,2,2,2,2,1,3,1,1,1,3,2,3,3,3,3,3,3,2,2,2,1,1,2.1538462638855,1.875,2,2,4.40000009536743,3.59999990463257,7.03000020980835
1,3,1,3,100,35,8,3,3,1,1,29,2,1,4,3,1,3,4,5,5,5,5,5,5,5,5,5,4,5,5,5,2,1,3,3,3,4,3,2,2,2,1,5,3,3,1,1,2,5,5,4,3,4,3,3,3,3,3,1,2.92307686805725,2.25,3.5,2.5,5,4.80000019073486,7.03000020980835
1,3,1,3,100,35,8,3,3,1,1,29,3,1,5,3,1,3,4,5,5,5,5,5,4,4,5,4,4,5,5,5,2,2,3,2,3,4,2,3,2,2,2,4,1,3,1,2,2,5,3,5,3,3,4,3,3,3,2,1,2.8461537361145,2.125,3.5,2.5,5,4.19999980926514,7.03000020980835
1,3,1,3,100,35,8,3,3,1,1,29,2,1,5,2,1,5,2,5,5,5,5,5,5,5,5,4,4,4,5,2,2,1,2,2,2,3,1,1,2,2,1,3,1,1,1,2,2,3,2,2,2,2,3,2,2,2,2,1,2.07692313194275,1.375,2.5,2,5,4.59999990463257,7.03000020980835
1,3,1,3,100,35,8,3,3,1,1,29,3,2,5,5,1,5,3,5,5,5,5,5,5,5,5,4,5,5,5,2,3,1,4,2,4,2,2,3,3,3,2,3,3,2,1,2,4,3,5,3,4,4,3,3,4,4,5,6,3.1538462638855,2.625,3,3.5,5,4.80000019073486,
1,1,1,4,100,46,14,11,3,2,1,103,1,1,3,1,3,5,3,5,4,5,5,3,4,5,5,3,3,4,3,2,3,2,2,3,3,5,2,4,3,2,3,5,2,2,4,3,2,3,5,3,1,3,4,3,3,3,3,1,3.23076915740967,2.375,3,3,4.40000009536743,4,7.03000020980835
1,1,1,4,100,46,14,11,3,2,1,103,1,2,4,2,1,1,3,5,5,5,5,5,5,5,3,5,5,5,4,2,2,1,2,4,1,3,2,1,2,5,1,3,1,1,1,1,4,4,4,2,1,1,3,1,5,1,1,1,2.23076915740967,1.25,3,3.5,5,4.59999990463257,7.03000020980835
1,1,1,4,100,46,14,11,3,2,1,103,2,1,4,2,1,1,1,5,5,5,5,4,4,4,4,4,4,4,5,1,1,1,2,4,2,2,2,3,1,1,1,5,1,1,1,1,5,1,5,5,1,1,3,1,2,1,1,1,2.38461542129517,1.375,1,1.5,4.80000019073486,4,7.03000020980835
1,1,1,4,100,46,14,11,3,2,1,103,1,2,3,1,2,5,3,5,4,5,5,4,4,3,3,4,4,3,3,2,2,1,1,2,1,5,2,1,2,1,1,3,1,1,1,2,2,3,3,5,1,2,2,1,2,2,2,2,2.30769228935242,1.125,2.5,2,4.59999990463257,3.59999990463257,4.17000007629395
1,1,1,4,100,46,14,11,3,2,1,103,1,2,4,3,1,3,4,5,5,4,5,5,5,4,3,4,4,4,3,2,4,2,3,3,2,4,3,2,4,2,2,4,2,3,3,3,3,3,5,5,2,5,3,1,5,3,4,1,3.30769228935242,2.375,3.5,4.5,4.80000019073486,4,7.03000020980835
1,1,1,4,100,46,14,11,3,2,1,103,1,1,4,3,1,1,3,5,5,5,5,5,5,5,4,4,4,5,4,2,4,2,3,3,3,4,2,2,2,3,2,4,2,2,2,2,3,3,3,3,3,3,3,3,3,3,4,3,3.1538462638855,2.375,3.5,2.5,5,4.40000009536743,3.51999998092651
1,1,1,4,100,46,14,11,3,2,1,103,2,2,2,2,2,3,4,5,5,5,4,4,5,5,4,5,4,5,3,2,2,1,2,4,2,3,2,4,3,4,2,5,2,1,2,1,2,3,3,4,2,2,3,2,4,2,3,1,2.92307686805725,1.875,2.5,3.5,4.59999990463257,4.59999990463257,7.03000020980835
1,1,1,4,100,46,14,11,3,2,1,103,1,2,3,2,2,3,3,5,5,5,5,5,4,4,3,4,2,4,4,2,2,1,2,3,2,2,3,3,3,2,2,3,2,2,2,2,2,3,3,3,2,2,3,2,3,2,3,1,2.38461542129517,2,2.5,3,5,3.40000009536743,7.03000020980835
1,1,1,4,100,46,14,11,3,2,1,103,1,2,4,2,1,1,,4,4,4,4,4,4,4,3,3,2,3,3,2,1,2,4,3,3,2,4,2,5,2,3,4,3,3,3,2,4,3,3,4,3,4,5,3,4,4,5,,3.07692313194275,3.125,2,4.5,4,3.20000004768372,
1,1,1,4,100,46,14,11,3,2,1,103,1,1,2,2,2,3,4,5,4,5,5,5,5,4,5,4,4,4,3,4,3,3,5,5,3,4,5,3,5,3,4,5,3,3,4,3,3,5,5,1,4,2,5,3,4,3,3,1,3.1538462638855,3.875,4,4.5,4.80000019073486,4.40000009536743,7.03000020980835
1,1,1,4,100,46,14,11,3,2,1,103,3,1,5,5,2,3,4,5,5,4,4,4,3,4,3,4,2,4,3,3,2,2,3,3,3,4,3,2,3,4,2,3,3,4,2,3,3,5,3,2,3,2,3,3,4,3,3,1,2.8461537361145,2.625,3.5,3.5,4.40000009536743,3.20000004768372,7.03000020980835
1,1,1,4,100,46,14,11,3,2,1,103,1,2,2,1,2,3,4,4,4,4,5,3,4,3,3,4,3,3,3,3,2,2,2,3,2,3,3,2,3,3,2,2,2,3,2,3,2,2,3,4,3,3,3,3,3,3,3,1,2.76923084259033,2.25,2,3,4,3.40000009536743,7.03000020980835
1,1,1,4,100,46,14,11,3,2,1,103,1,2,4,5,2,3,4,4,5,4,5,3,4,4,4,4,3,3,2,2,2,2,2,4,2,2,3,2,3,3,1,3,1,2,2,3,3,2,3,4,2,3,3,1,3,3,3,1,2.76923084259033,1.875,2,3,4.19999980926514,3.79999995231628,7.03000020980835
1,1,1,4,100,46,14,11,3,2,1,103,1,1,3,3,2,3,4,5,5,5,4,5,5,3,5,3,4,4,4,2,1,2,3,4,2,2,3,2,3,1,3,5,3,3,2,2,3,4,5,4,2,3,4,2,3,3,2,1,2.61538457870483,2.5,2.5,3,4.80000019073486,4,7.03000020980835
1,1,1,4,100,46,14,11,3,2,1,103,3,1,3,3,2,2,1,5,5,5,5,4,4,4,4,3,2,4,3,3,1,1,1,2,2,2,2,2,1,1,1,1,1,1,1,1,1,3,1,3,1,1,3,1,1,2,2,1,1.53846156597137,1.25,2,1,4.80000019073486,3.40000009536743,7.03000020980835
1,1,1,4,100,46,14,11,3,2,1,103,1,2,3,2,2,3,3,5,5,5,5,5,4,5,4,3,2,4,3,3,2,1,2,4,3,2,2,1,4,2,2,3,1,3,1,2,3,3,5,5,2,3,3,1,5,2,4,1,2.61538457870483,1.75,2.5,4.5,5,3.59999990463257,7.03000020980835
1,1,1,4,100,46,14,11,3,2,1,103,1,1,3,3,3,1,4,5,5,5,5,4,4,4,4,4,3,4,3,2,2,2,3,3,5,5,1,5,1,1,5,1,1,1,5,3,1,3,5,1,1,5,5,3,1,1,5,3,2.76923084259033,2.875,2.5,1,4.80000019073486,3.79999995231628,3.51999998092651
1,1,1,4,100,46,14,11,3,2,1,103,3,1,4,2,2,5,4,4,4,5,4,4,4,4,3,4,4,4,3,2,3,2,3,3,3,4,3,3,3,3,3,4,3,3,3,3,3,3,4,3,3,3,3,3,3,3,3,1,3.1538462638855,2.875,3,3,4.19999980926514,3.79999995231628,7.03000020980835
1,1,1,4,100,46,14,11,3,2,1,103,1,1,5,5,1,1,3,5,5,5,5,5,5,5,5,5,5,4,4,4,1,1,1,2,1,1,3,1,1,1,1,1,1,1,1,1,2,4,3,1,1,1,4,1,2,2,1,1,1.23076927661896,1.25,2.5,1.5,5,5,7.03000020980835
1,1,1,4,100,46,14,11,3,2,1,103,1,2,5,4,2,3,2,4,4,4,4,4,4,4,3,4,3,4,,1,2,2,3,2,2,4,3,3,3,3,3,3,2,2,3,3,3,3,3,3,3,3,3,3,3,3,3,1,2.92307686805725,2.625,2.5,3,4,3.59999990463257,7.03000020980835
1,1,1,4,100,46,14,11,3,2,1,103,1,1,4,2,2,5,2,4,5,5,,4,4,4,3,4,3,3,4,2,2,1,1,2,1,1,3,1,1,2,1,3,1,1,1,,,2,2,,1,1,1,1,,,1,1,,1.25,2,,,3.59999990463257,7.03000020980835
1,1,1,4,100,46,14,11,3,2,1,103,3,1,2,2,3,5,2,5,5,5,5,5,5,5,3,3,4,3,3,,4,1,2,5,1,4,3,,4,3,3,4,3,2,,1,3,5,5,5,2,5,3,1,2,1,1,1,,,4.5,3,5,4,7.03000020980835
1,1,1,4,100,46,14,11,3,2,1,103,2,1,5,5,2,3,4,5,5,4,5,5,4,5,3,5,,4,,1,2,1,2,5,1,5,2,3,2,2,2,5,1,,,3,3,,5,3,2,3,3,2,3,4,4,1,3.38461542129517,,,2.5,4.80000019073486,,7.03000020980835
1,1,1,4,100,46,14,11,3,2,1,103,2,1,5,5,1,1,2,4,3,4,5,3,3,3,3,4,2,3,2,3,2,1,2,3,1,3,1,1,1,3,1,2,1,1,1,3,3,3,3,3,3,3,3,3,3,3,3,6,2.69230771064758,1.375,2.5,2,3.79999995231628,3,
1,1,1,4,100,46,14,11,3,2,1,103,1,1,3,3,1,3,3,4,4,3,2,3,2,4,4,4,4,3,2,2,2,1,2,3,1,4,2,1,1,1,1,4,2,2,1,2,2,3,5,2,1,1,3,1,1,1,2,,2,1.375,2.5,1,3.20000004768372,3.59999990463257,
1,1,1,1,100,19,16,3,3,1,1,28,1,2,5,5,1,3,4,5,5,5,5,5,5,5,5,5,5,5,5,3,1,1,1,2,4,1,2,1,3,2,1,5,1,1,1,1,3,3,5,3,2,3,3,2,3,2,2,1,2.1538462638855,1.625,2,3,5,5,7.03000020980835
1,1,1,1,100,19,16,3,3,1,1,28,4,1,3,3,1,6,,5,5,5,5,5,5,5,5,4,5,4,4,2,1,1,2,3,2,4,2,2,1,2,1,1,1,1,1,2,3,4,2,2,2,2,3,2,2,2,2,6,2.1538462638855,1.5,2.5,1.5,5,4.80000019073486,
1,1,1,1,100,19,16,3,3,1,1,28,3,2,5,2,5,5,2,5,5,5,5,4,4,4,4,4,4,4,5,2,2,1,2,2,2,1,4,2,3,2,2,3,2,2,1,3,2,2,5,2,2,2,3,2,2,2,3,3,2.1538462638855,2,2,2.5,4.80000019073486,4,3.51999998092651
2,1,1,2,100,23,3,3,1,1,2,2,4,1,4,3,1,1,3,4,4,4,2,2,4,3,4,3,3,4,4,2,2,1,1,4,1,4,1,2,2,3,2,4,2,2,2,2,3,4,3,4,2,3,2,2,1,2,3,1,2.92307686805725,1.5,3,1.5,3.20000004768372,3.40000009536743,7.03000020980835
2,1,1,2,100,23,3,3,1,1,2,5,4,2,4,5,1,3,5,4,4,4,5,5,4,4,5,4,3,5,5,2,2,1,2,3,2,4,1,2,3,3,2,4,2,1,2,1,3,3,5,5,2,1,1,1,2,1,3,1,2.53846144676209,1.75,2.5,2.5,4.40000009536743,4,7.03000020980835
2,1,1,2,100,23,3,3,1,1,2,5,4,1,4,3,1,3,4,4,4,4,4,3,4,3,3,2,4,3,3,2,3,2,2,3,2,4,2,4,3,2,2,3,1,2,1,2,3,3,3,3,2,2,3,2,2,2,2,1,2.69230771064758,1.75,3,2.5,3.79999995231628,3.20000004768372,7.03000020980835
2,1,1,2,100,23,3,3,1,1,2,5,5,2,4,3,1,3,4,5,5,5,5,5,5,5,5,5,5,5,5,2,1,2,3,4,3,4,3,2,5,2,5,5,2,2,3,1,2,2,5,5,1,2,4,1,5,3,3,1,2.69230771064758,2.75,1.5,5,5,5,7.03000020980835
1,1,1,3,100,35,8,0,3,2,2,62,1,2,4,2,2,5,3,,4,3,2,4,3,4,3,2,4,3,3,3,2,4,2,4,3,4,3,2,3,2,2,4,1,2,1,2,2,4,5,4,2,2,3,2,3,2,2,1,2.61538457870483,2.25,3,3,,3.20000004768372,7.03000020980835
1,1,1,3,100,35,8,0,3,2,2,62,2,2,3,2,1,3,4,4,4,4,4,4,3,3,3,4,3,3,3,3,5,3,3,3,3,2,4,3,5,4,5,5,4,3,4,2,2,4,5,5,4,4,4,2,5,2,2,1,3.1538462638855,3.75,4.5,5,4,3.20000004768372,7.03000020980835
1,1,1,3,100,35,8,0,3,2,2,62,1,2,3,2,1,1,4,4,5,3,4,4,3,4,3,3,4,3,4,3,2,3,3,4,2,3,3,4,3,2,3,4,2,3,2,3,2,4,5,5,3,3,2,3,4,4,3,1,3.23076915740967,2.625,3,3.5,4,3.40000009536743,7.03000020980835
1,1,1,3,100,35,8,0,3,2,2,62,1,1,4,5,2,1,2,4,4,3,3,4,2,3,3,2,2,3,2,2,5,1,2,3,3,4,2,3,1,2,1,5,2,1,1,3,4,5,5,3,3,3,3,2,2,4,4,3,3.46153855323792,1.875,5,1.5,3.59999990463257,2.40000009536743,3.51999998092651
1,1,1,3,100,35,8,0,3,2,2,62,1,1,4,2,3,3,4,5,5,4,4,3,4,4,3,4,5,3,3,2,3,1,1,4,1,4,1,3,3,2,3,3,3,1,3,2,3,3,3,2,1,1,3,2,2,2,2,6,2.53846144676209,1.75,3,2.5,4.19999980926514,4,
1,1,1,3,100,35,8,0,3,2,2,62,1,1,5,5,3,3,4,4,4,4,3,4,4,4,3,4,4,4,3,2,4,1,1,3,1,4,3,3,2,2,1,5,1,3,1,3,5,5,5,5,2,3,3,2,2,3,2,1,3.38461542129517,1.375,4.5,2,3.79999995231628,3.79999995231628,7.03000020980835
1,1,1,3,100,35,8,0,3,2,2,62,4,1,5,2,5,3,3,4,4,4,4,4,4,4,3,4,4,4,3,2,2,2,2,2,2,2,2,2,2,2,2,4,2,2,2,2,4,3,3,2,2,2,2,2,2,2,2,1,2.30769228935242,2,2.5,2,4,3.79999995231628,7.03000020980835
1,1,1,3,100,35,8,0,3,2,2,62,5,2,4,3,2,3,2,5,5,4,5,5,2,4,3,4,1,3,3,1,1,1,3,1,3,1,3,1,1,1,1,3,1,1,1,1,2,2,1,3,1,1,1,1,3,1,1,1,1.38461542129517,1.75,1.5,2,4.80000019073486,2.79999995231628,7.03000020980835
1,1,1,3,100,35,8,0,3,2,2,62,2,1,4,4,3,1,4,4,5,3,3,3,4,3,3,2,4,3,2,3,3,2,3,4,3,5,4,4,4,3,3,5,2,2,2,2,4,5,4,5,2,5,4,3,4,4,4,1,3.92307686805725,2.625,4,4,3.59999990463257,3.20000004768372,7.03000020980835
1,1,1,3,100,35,8,0,3,2,2,62,2,1,4,3,2,1,4,4,4,4,4,4,5,5,5,4,4,4,4,2,3,1,1,3,2,3,2,2,3,2,1,4,2,1,1,1,4,3,4,3,1,2,2,1,3,1,2,1,2.38461542129517,1.375,3,3,4,4.59999990463257,7.03000020980835
1,1,1,3,100,35,8,0,3,2,2,62,2,1,2,3,2,1,3,4,3,1,2,3,2,3,3,2,2,2,3,3,1,1,2,2,3,1,3,1,1,2,1,2,1,1,1,2,1,3,2,3,3,2,4,3,2,2,1,1,1.76923072338104,1.875,2,1.5,2.59999990463257,2.40000009536743,7.03000020980835
1,3,2,1,100,21,7,7,3,1,2,18,4,1,5,2,1,3,3,5,5,5,5,5,5,5,5,5,5,4,4,2,2,2,2,3,2,4,3,2,4,2,2,4,2,2,2,3,2,4,4,4,2,4,3,2,4,2,2,1,2.76923084259033,2.125,3,4,5,5,7.03000020980835
1,3,2,1,100,21,7,7,3,1,2,18,3,2,4,3,1,5,5,5,4,4,4,4,5,5,4,3,4,4,3,3,2,1,2,5,2,4,2,2,2,1,3,4,2,3,1,2,3,4,5,5,1,4,4,1,4,2,5,1,3.07692313194275,1.75,3,3,4.19999980926514,4.19999980926514,7.03000020980835
1,3,2,1,100,21,7,7,3,1,2,18,3,2,4,3,2,5,2,4,4,4,4,5,5,5,3,5,5,4,3,1,1,1,1,1,1,1,3,1,5,1,1,5,1,1,1,1,1,3,4,3,1,1,1,1,5,1,1,2,1.46153843402863,1.25,2,5,4.19999980926514,4.59999990463257,4.17000007629395
1,3,2,1,100,21,7,7,3,1,2,18,3,2,4,4,1,1,3,4,4,4,4,4,4,4,4,4,4,3,3,3,4,2,2,2,2,3,4,2,3,3,2,4,3,2,3,3,3,4,5,3,3,2,4,2,2,3,1,1,2.69230771064758,2.625,4,2.5,4,4,7.03000020980835
1,3,2,1,100,21,7,7,3,1,2,18,2,2,4,3,1,3,4,4,4,4,4,4,4,5,4,3,2,4,3,1,2,1,2,5,2,4,2,2,4,2,1,4,1,1,3,2,1,4,5,3,1,2,2,2,5,3,2,1,2.61538457870483,1.625,3,4.5,4,3.59999990463257,7.03000020980835
1,1,1,1,100,19,16,3,3,1,1,23,1,1,5,4,1,3,3,5,5,5,4,3,1,4,4,3,3,3,3,2,1,1,1,3,1,4,1,1,4,1,1,5,1,1,1,1,1,2,5,1,1,1,1,1,3,1,1,1,1.69230771064758,1,1.5,3.5,4.40000009536743,3,7.03000020980835
1,1,1,1,100,19,16,3,3,1,1,23,1,2,3,3,1,1,4,4,4,4,4,4,3,4,3,3,4,3,3,3,2,2,3,3,2,2,2,2,3,3,2,4,2,2,2,4,3,5,4,4,2,2,4,2,3,3,2,1,2.76923084259033,2.125,3.5,3,4,3.40000009536743,7.03000020980835
1,1,1,1,100,19,16,3,3,1,1,23,1,1,4,2,1,1,3,4,4,4,4,3,3,4,3,3,4,4,3,2,1,1,1,3,1,2,2,1,3,3,1,5,1,1,1,2,2,5,5,5,2,3,2,2,3,1,2,3,2.46153855323792,1.25,3,3,3.79999995231628,3.40000009536743,3.51999998092651
1,1,1,1,100,19,16,3,3,1,1,23,1,2,5,4,1,1,3,4,5,4,3,3,4,4,4,4,4,3,3,1,3,1,2,2,2,2,1,1,2,3,1,4,1,2,1,2,1,5,4,3,2,3,2,2,3,2,3,3,2.38461542129517,1.375,4,2.5,3.79999995231628,4,3.51999998092651
1,1,1,1,100,19,16,3,3,1,1,23,1,1,1,1,1,4,1,1,1,1,1,1,1,1,1,1,5,4,4,5,1,1,1,5,1,5,1,3,5,5,1,5,1,1,1,5,5,4,5,5,1,4,5,4,5,4,5,2,4.307692527771,1,2.5,5,1,1.79999995231628,4.17000007629395
1,1,1,1,100,19,16,3,3,1,1,23,2,2,5,4,1,5,2,4,4,4,4,2,3,4,4,2,4,3,3,2,2,2,2,2,2,3,2,1,2,2,2,2,1,2,1,2,2,3,2,2,2,2,2,2,2,2,2,1,2,1.75,2.5,2,3.59999990463257,3.40000009536743,7.03000020980835
1,1,1,3,100,28,7,7,3,1,1,207,2,2,5,3,1,1,2,5,5,5,4,4,3,3,3,3,3,5,3,3,1,3,3,3,3,1,3,1,3,2,2,2,3,1,3,2,3,4,3,3,3,3,3,2,3,1,2,1,2,2.875,2.5,3,4.59999990463257,3,7.03000020980835
1,1,1,3,100,28,7,7,3,1,1,207,3,2,4,3,1,2,2,5,5,5,5,4,3,3,3,4,3,4,4,2,1,1,2,4,4,3,3,2,5,5,3,2,5,1,1,,2,4,3,4,2,2,3,2,3,2,2,1,,2.625,2.5,4,4.80000019073486,3.20000004768372,7.03000020980835
1,1,1,3,100,28,7,7,3,1,1,207,3,2,4,5,1,3,,,5,5,4,5,4,4,,,,,,,,1,,5,2,3,2,2,2,3,2,4,1,2,1,3,2,3,4,4,,2,3,2,,3,,6,,,,,,,
1,1,1,3,100,28,7,7,3,1,1,207,2,2,4,5,1,3,3,5,5,5,4,5,4,4,4,4,3,5,5,5,1,1,3,4,2,3,3,1,3,2,1,2,2,2,2,2,2,5,3,3,3,3,3,3,4,3,3,1,2.46153855323792,2.125,3,3.5,4.80000019073486,3.79999995231628,7.03000020980835
1,1,1,3,100,28,7,7,3,1,1,207,2,2,5,5,1,3,1,5,5,5,5,5,5,5,5,5,5,5,5,1,1,1,1,1,1,1,3,1,1,1,1,3,1,1,1,1,3,4,3,5,1,1,2,1,3,1,3,1,1.76923072338104,1.25,2.5,2,5,5,7.03000020980835
1,1,1,3,100,28,7,7,3,1,1,207,2,1,5,5,2,3,2,,5,5,5,4,4,5,3,3,3,3,3,1,3,1,1,3,,3,2,3,1,1,1,3,1,1,1,2,3,3,5,3,1,3,3,1,2,2,2,1,2.46153855323792,,3,1.5,,3.59999990463257,7.03000020980835
1,1,1,3,100,28,7,7,3,1,1,207,2,1,4,3,2,3,3,5,5,5,5,5,4,5,5,5,5,5,4,3,1,1,1,3,2,3,3,2,3,2,3,3,3,2,3,3,3,3,3,3,3,3,3,3,4,3,3,1,2.69230771064758,2.375,2,3.5,5,4.80000019073486,7.03000020980835
1,1,1,3,100,28,7,7,3,1,1,207,3,2,5,5,1,4,3,5,5,5,5,5,5,5,3,5,5,5,4,3,1,1,2,2,2,4,2,1,1,3,1,3,1,1,1,2,2,2,4,3,2,2,2,2,1,2,3,6,2.30769228935242,1.5,1.5,1,5,4.59999990463257,
1,1,1,3,100,28,7,7,3,1,1,207,1,2,4,3,1,1,3,5,5,5,5,5,5,5,4,5,3,5,5,1,2,1,2,3,2,4,2,2,2,2,1,3,1,2,1,2,3,4,4,3,2,2,3,2,2,2,2,1,2.46153855323792,1.5,3,2,5,4.40000009536743,7.03000020980835
1,1,1,3,100,28,7,7,3,1,1,207,2,,4,4,1,6,,5,5,5,5,5,5,5,5,5,4,5,5,1,1,1,1,1,1,5,1,1,1,1,1,5,1,1,1,1,1,1,5,5,1,5,1,5,1,1,5,6,2.8461537361145,1,1,1,5,4.80000019073486,
1,1,1,3,100,28,7,7,3,1,1,207,2,2,4,5,2,2,2,5,5,5,5,4,4,5,4,5,5,4,3,2,1,2,2,2,3,1,1,1,3,1,3,5,1,1,2,1,3,2,2,3,1,1,1,1,3,2,1,1,1.76923072338104,1.875,1.5,3,4.80000019073486,4.59999990463257,7.03000020980835
1,1,1,3,100,28,7,7,3,1,1,207,1,2,5,3,2,1,4,5,5,5,5,5,4,4,,4,4,5,5,,2,2,3,4,3,3,3,3,4,3,2,5,2,2,2,3,3,4,4,4,2,3,4,,,,,1,,2.375,3,,5,,7.03000020980835
1,1,1,3,100,28,7,7,3,1,1,207,2,2,4,3,2,3,3,5,5,5,4,5,4,4,3,5,4,5,4,2,1,1,2,2,2,2,3,2,2,2,2,3,2,1,1,2,2,5,3,4,1,1,2,1,2,1,1,1,1.84615385532379,1.75,3,2,4.80000019073486,4,7.03000020980835
1,1,1,3,100,28,7,7,3,1,1,207,4,2,3,4,1,5,3,5,5,5,5,5,5,5,3,5,5,5,4,4,1,1,3,4,2,2,2,1,2,3,1,2,1,1,1,3,3,2,3,3,3,3,4,3,3,3,3,1,2.61538457870483,1.75,1.5,2.5,5,4.59999990463257,7.03000020980835
1,1,1,3,100,28,7,7,3,1,1,207,1,1,4,2,1,3,1,5,5,5,5,5,5,5,5,5,5,5,5,5,5,5,5,3,5,3,4,2,5,5,5,5,5,5,5,5,1,5,,5,5,5,5,5,5,5,1,1,3.8461537361145,4.875,5,5,5,5,7.03000020980835
1,1,1,3,100,28,7,7,3,1,1,207,1,1,4,2,2,5,3,5,5,5,4,4,3,4,3,3,5,4,4,2,3,2,4,3,2,3,3,4,5,4,3,5,3,3,4,4,4,3,5,5,3,4,4,3,5,4,5,1,3.92307686805725,3,3,5,4.59999990463257,3.59999990463257,7.03000020980835
1,1,1,3,100,28,7,7,3,1,1,207,1,1,4,4,1,3,4,5,5,5,5,5,4,4,3,5,4,5,4,1,3,2,3,4,4,5,2,2,5,3,2,5,3,1,2,3,4,4,5,5,3,5,5,2,4,3,2,1,3.53846144676209,2.625,3.5,4.5,5,4,7.03000020980835
1,1,1,3,100,28,7,7,3,1,1,207,2,2,5,5,2,3,4,5,5,5,5,5,5,5,4,5,3,4,4,4,2,2,3,5,3,5,3,3,5,4,4,4,3,2,3,2,3,4,5,4,3,3,4,3,5,3,4,1,3.46153855323792,3,3,5,5,4.40000009536743,7.03000020980835
1,1,1,3,100,28,7,7,3,1,1,207,1,1,4,3,1,3,4,5,5,5,5,5,5,5,3,5,4,5,4,4,3,1,3,4,3,3,4,3,4,2,3,4,3,2,2,3,4,4,5,4,3,4,4,3,4,3,3,1,3.30769228935242,2.75,3.5,4,5,4.40000009536743,7.03000020980835
1,1,1,3,100,28,7,7,3,1,1,207,3,1,3,4,2,4,3,5,5,5,4,4,5,5,3,5,4,5,3,1,3,1,3,3,3,3,3,2,2,3,2,4,3,1,1,3,5,3,5,3,3,3,3,3,3,3,5,6,3.30769228935242,2.375,3,2.5,4.59999990463257,4.40000009536743,
1,1,1,3,100,28,7,7,3,1,1,207,3,2,4,2,1,5,3,4,4,4,4,4,4,3,3,3,5,4,4,3,1,1,2,2,2,2,3,1,2,2,2,2,1,1,1,2,3,3,4,3,2,3,3,2,2,2,3,2,2.1538462638855,1.75,2,2,4,3.59999990463257,4.17000007629395
1,1,1,3,100,28,7,7,3,1,1,207,2,1,5,4,2,3,4,5,5,5,5,5,4,4,3,4,4,4,4,2,4,2,3,3,4,4,4,3,4,3,4,5,3,3,3,4,4,4,5,4,4,3,4,4,4,4,3,1,3.69230771064758,3.375,4,4,5,3.79999995231628,7.03000020980835
1,1,1,3,100,28,7,7,3,1,1,207,2,1,4,2,1,3,4,4,5,5,4,5,4,4,3,4,4,5,4,2,2,2,3,4,2,4,3,4,3,3,2,2,3,3,3,2,4,5,5,4,2,3,3,2,4,2,4,1,3.07692313194275,2.5,3.5,3.5,4.59999990463257,3.79999995231628,7.03000020980835
1,1,1,3,100,28,7,7,3,1,1,207,2,2,5,3,1,3,4,5,5,5,5,5,5,5,3,5,5,5,5,3,3,1,3,3,3,4,3,1,5,2,2,3,3,1,1,3,4,5,5,4,3,3,3,1,5,3,3,1,2.8461537361145,2.375,4,5,5,4.59999990463257,7.03000020980835
1,1,1,3,100,28,7,7,3,1,1,207,1,2,4,3,1,1,1,5,5,4,5,4,5,5,3,4,4,5,5,2,3,1,2,5,2,2,1,1,3,1,1,2,2,2,1,1,5,4,3,4,1,1,2,1,3,1,3,,2.30769228935242,1.375,3.5,3,4.59999990463257,4.19999980926514,
1,1,1,3,100,28,7,7,3,1,1,207,2,2,5,4,1,3,4,5,5,5,5,5,5,5,5,5,4,4,3,4,1,3,5,4,4,4,3,1,5,4,4,4,2,3,4,1,3,2,5,3,2,3,2,2,5,3,4,1,2.8461537361145,3.375,1.5,5,5,4.80000019073486,7.03000020980835
1,1,1,3,100,28,7,7,3,1,1,207,4,1,4,3,2,1,3,4,5,4,4,4,3,4,3,4,4,4,4,3,3,1,2,4,3,3,3,3,4,3,1,4,2,2,1,3,3,3,4,4,3,3,3,3,4,3,3,3,3.23076915740967,2,3,4,4.19999980926514,3.59999990463257,3.51999998092651
1,1,1,3,100,28,7,7,3,1,1,207,2,2,4,4,1,3,2,5,5,5,5,5,3,3,3,4,4,4,4,3,2,2,2,3,3,4,3,2,4,2,2,4,2,2,2,2,4,3,5,4,2,2,4,1,5,1,1,1,2.46153855323792,2.25,2.5,4.5,5,3.40000009536743,7.03000020980835
1,1,1,3,100,28,7,7,3,1,1,207,1,2,5,4,1,1,3,5,5,5,5,5,4,5,4,5,4,5,4,3,1,1,2,1,1,4,3,1,3,1,1,1,1,2,1,1,2,4,4,1,1,2,3,1,3,1,1,1,1.38461542129517,1.375,2.5,3,5,4.40000009536743,7.03000020980835
1,1,1,3,100,28,7,7,3,1,1,207,5,1,5,5,2,4,1,5,5,5,5,5,5,5,5,5,5,5,5,1,5,1,1,1,1,5,5,5,1,1,1,5,1,1,5,5,5,1,5,5,1,5,5,5,1,5,5,6,4.38461542129517,2,3,1,5,5,
1,1,1,3,100,28,7,7,3,1,1,207,1,1,4,4,2,4,5,5,5,5,5,5,4,5,5,4,4,5,4,3,4,2,3,3,2,4,5,5,,1,2,,3,4,3,2,5,5,,1,3,,,,5,4,1,,,2.875,4.5,,5,4.40000009536743,
1,1,1,3,100,28,7,7,3,1,1,207,1,2,5,2,2,2,1,5,5,5,5,5,5,5,5,5,5,5,5,1,1,1,1,1,1,1,1,1,1,1,1,1,1,1,1,1,1,1,1,1,1,1,4,1,1,1,1,1,1,1,1,1,5,5,7.03000020980835
1,1,1,3,100,28,7,7,3,1,1,207,2,1,4,4,2,1,4,5,4,4,5,4,5,5,3,4,5,4,4,3,4,3,5,4,3,4,4,4,4,3,2,4,2,3,4,2,4,2,5,2,4,2,4,3,4,3,2,1,3.1538462638855,3.375,3,4,4.40000009536743,4.40000009536743,7.03000020980835
1,1,1,3,100,28,7,7,3,1,1,207,2,1,4,4,1,1,4,5,5,5,5,5,5,5,3,4,4,5,4,2,4,3,3,3,3,3,3,3,3,3,3,5,3,2,3,3,3,3,5,4,3,3,4,3,3,3,3,1,3.30769228935242,3,3.5,3,5,4.19999980926514,7.03000020980835
1,1,1,3,100,28,7,7,3,1,1,207,3,2,4,2,1,3,3,5,5,5,5,5,5,5,5,5,4,5,5,3,1,1,3,4,2,3,2,1,2,1,1,5,1,1,1,1,1,3,3,3,2,3,5,1,3,1,1,1,2,1.625,2,2.5,5,4.80000019073486,7.03000020980835
1,1,1,3,100,28,7,7,3,1,1,207,3,2,4,4,2,3,2,5,5,5,5,5,4,5,3,5,5,4,4,2,1,1,2,2,2,2,1,1,2,1,1,3,1,1,1,1,2,3,4,3,1,2,2,1,4,1,1,1,1.61538457870483,1.25,2,3,5,4.40000009536743,7.03000020980835
1,1,1,3,100,28,7,7,3,1,1,207,1,1,4,4,1,3,4,5,5,5,5,5,5,5,3,5,5,5,5,3,2,2,3,4,3,3,2,3,3,3,2,3,2,2,2,2,3,3,2,2,3,3,3,3,3,3,3,1,2.8461537361145,2.375,2.5,3,5,4.59999990463257,7.03000020980835
1,1,1,3,100,28,7,7,3,1,1,207,1,2,3,3,1,1,3,5,5,5,4,5,1,2,3,4,4,4,3,3,5,1,2,4,1,4,3,3,3,4,1,5,1,1,1,3,2,1,5,4,1,3,5,1,4,3,2,1,3.30769228935242,1.375,3,3.5,4.80000019073486,2.79999995231628,7.03000020980835
1,1,1,3,100,28,7,7,3,1,1,207,,2,4,2,1,1,3,5,5,5,4,4,4,4,4,4,5,4,4,2,2,1,2,4,2,4,2,1,3,2,2,3,2,2,2,2,2,3,3,3,2,2,2,2,3,2,2,1,2.38461542129517,1.875,2.5,3,4.59999990463257,4.19999980926514,7.03000020980835
1,1,1,3,100,28,7,7,3,1,1,207,1,1,5,4,1,3,3,5,5,5,5,4,4,4,3,4,3,5,4,1,2,1,1,4,1,2,4,3,4,1,2,4,2,2,1,4,3,1,5,3,1,3,4,1,4,3,2,1,2.69230771064758,1.625,1.5,4,4.80000019073486,3.59999990463257,7.03000020980835
1,1,1,3,100,28,7,7,3,1,1,207,4,2,5,5,2,5,2,5,5,5,5,4,5,5,3,3,4,4,4,5,1,1,1,1,1,1,2,1,1,1,1,3,1,1,1,1,1,3,2,3,1,,2,1,1,1,2,1,,1.125,2,1,4.80000019073486,4,7.03000020980835
1,1,1,3,100,28,7,7,3,1,1,207,1,2,4,4,1,5,4,5,5,5,5,5,4,5,3,4,4,4,3,3,2,2,2,4,2,4,2,2,2,2,3,4,2,2,3,2,2,3,3,5,2,2,5,1,2,2,2,1,2.61538457870483,2.25,2.5,2,5,4,7.03000020980835
1,1,1,3,100,28,7,7,3,1,1,207,1,2,3,4,1,1,2,5,4,5,5,5,4,4,3,4,5,5,4,2,4,1,2,2,3,2,5,1,3,2,1,3,1,1,1,1,5,1,3,5,3,2,3,1,3,3,2,3,2.53846144676209,2.125,2.5,3,4.80000019073486,4,3.51999998092651
2,1,1,1,100,24,,2,2,1,1,60,4,1,3,3,3,3,4,5,5,4,4,3,3,4,4,4,4,3,3,2,2,2,3,4,3,4,4,2,2,3,2,3,2,2,3,3,4,4,5,4,3,3,4,3,2,3,2,1,3.07692313194275,2.75,3,2,4.19999980926514,3.79999995231628,7.03000020980835
2,1,1,1,100,24,,2,2,1,1,60,4,2,3,3,3,3,3,5,4,4,4,3,2,2,3,3,5,2,4,3,1,1,2,4,2,1,3,2,2,2,2,1,1,1,1,2,2,4,4,4,2,2,3,1,3,3,2,1,2.07692313194275,1.75,2.5,2.5,4,3,7.03000020980835
2,1,1,1,100,24,,2,2,1,1,60,3,2,3,2,5,2,2,4,1,1,1,1,1,1,1,1,1,1,1,1,1,1,1,5,1,1,1,1,1,1,1,5,1,1,1,1,1,5,3,1,1,1,5,1,1,1,1,1,1.61538457870483,1,3,1,1.60000002384186,1,7.03000020980835
2,1,1,1,100,24,,2,2,1,1,60,4,2,3,3,1,1,2,4,4,5,4,2,3,4,4,2,2,3,3,2,1,1,3,2,2,1,3,2,3,3,2,4,1,1,1,2,3,4,4,4,2,2,2,2,3,2,2,3,2.30769228935242,1.875,2.5,3,3.79999995231628,3,3.51999998092651
2,1,1,1,100,24,,2,2,1,1,60,2,2,3,1,5,1,3,5,5,5,5,4,3,4,3,3,3,4,4,3,2,2,3,2,3,2,,1,2,2,2,3,2,1,3,2,3,2,4,3,3,2,3,2,2,2,2,1,2.1538462638855,,2,2,4.80000019073486,3.20000004768372,7.03000020980835
2,1,1,1,100,24,,2,2,1,1,60,3,2,3,2,3,3,3,4,4,4,4,4,3,3,4,2,2,3,3,3,4,2,3,4,3,2,3,1,4,1,3,2,3,1,2,3,3,4,5,5,3,2,3,4,3,3,5,1,3,2.75,4,3.5,4,2.79999995231628,7.03000020980835
2,1,1,1,100,24,,2,2,1,1,60,3,1,4,2,3,3,3,5,5,5,5,5,5,5,3,4,4,5,5,1,2,4,3,3,2,2,3,1,3,2,3,3,1,2,2,2,3,4,4,3,2,2,3,2,3,2,2,1,2.23076915740967,2.5,3,3,5,4.19999980926514,7.03000020980835
2,1,1,1,100,24,,2,2,1,1,60,3,2,4,4,1,3,3,5,4,5,4,4,2,4,3,4,2,2,3,2,2,1,2,1,2,1,2,1,3,1,1,3,1,1,2,1,2,4,4,2,2,1,2,1,3,1,2,,1.46153843402863,1.625,3,3,4.40000009536743,3,
2,1,1,1,100,24,,2,2,1,1,60,4,1,4,3,1,3,3,5,5,4,5,5,3,3,5,2,3,3,3,3,1,1,3,4,2,3,3,2,2,4,2,4,2,2,2,3,3,4,3,4,3,3,3,3,3,3,3,1,3.07692313194275,2.25,2.5,2.5,4.80000019073486,3.20000004768372,7.03000020980835
2,1,1,1,100,24,,2,2,1,1,60,4,2,4,1,3,3,2,5,4,4,5,5,4,5,5,4,4,4,5,1,1,1,1,3,1,2,3,1,3,2,1,3,1,1,1,2,2,2,5,3,1,3,3,1,2,1,2,2,2,1.25,1.5,2.5,4.59999990463257,4.40000009536743,4.17000007629395
2,1,1,1,100,24,,2,2,1,1,60,1,2,4,3,5,1,3,5,5,5,5,5,5,4,3,5,4,5,5,1,1,1,2,2,2,1,3,1,1,1,1,1,1,1,1,1,2,2,2,2,2,2,2,1,1,1,1,3,1.30769228935242,1.625,1.5,1,5,4.19999980926514,3.51999998092651
2,1,1,1,100,24,,2,2,1,1,60,4,2,3,2,5,1,3,4,4,4,3,3,4,3,,4,2,3,4,3,2,1,1,1,1,3,1,1,3,1,1,1,1,1,1,1,1,1,1,1,1,1,3,1,3,1,2,3,1.30769228935242,1,1.5,3,3.59999990463257,,3.51999998092651
2,1,1,1,100,24,,2,2,1,1,60,4,2,4,4,3,1,2,4,5,5,4,5,3,4,4,4,4,3,4,2,2,1,2,3,2,2,2,1,2,2,2,3,1,2,1,2,3,2,3,3,2,2,3,2,2,2,3,1,2.30769228935242,1.625,2,2,4.59999990463257,3.79999995231628,7.03000020980835
2,1,1,1,100,24,,2,2,1,1,60,3,2,4,4,1,1,3,4,4,4,4,4,3,4,4,3,2,4,5,1,1,1,2,3,2,2,2,1,1,2,,,,,,,,,1,1,1,1,1,1,1,1,1,3,,,,1,4,3.20000004768372,3.51999998092651
2,1,1,1,100,24,,2,2,1,1,60,3,2,4,4,2,5,3,5,5,5,5,5,2,2,3,2,1,3,2,3,1,1,2,4,1,1,2,1,3,2,1,1,1,1,1,1,1,5,3,2,2,1,2,1,3,1,1,1,1.38461542129517,1.375,3,3,5,2,7.03000020980835
2,1,1,1,100,24,,2,2,1,1,60,2,2,3,3,1,1,3,5,5,5,4,3,4,3,2,4,3,4,5,,1,1,2,2,2,1,2,1,1,2,1,2,1,1,1,2,3,3,3,2,2,2,2,1,2,1,2,1,1.69230771064758,1.5,2,1.5,4.40000009536743,3.20000004768372,7.03000020980835
2,1,1,1,100,24,,2,2,1,1,60,1,2,4,4,3,3,2,5,4,4,4,4,4,4,3,4,3,4,4,2,2,1,2,3,3,1,3,1,3,3,2,3,3,2,1,3,3,3,3,3,3,2,3,3,3,3,3,1,2.53846144676209,2.25,2.5,3,4.19999980926514,3.59999990463257,7.03000020980835
2,1,1,1,100,24,,2,2,1,1,60,2,1,4,3,1,1,3,5,3,4,3,4,4,3,4,4,4,4,4,2,3,1,2,2,2,1,3,2,3,2,3,3,1,1,1,2,2,3,3,3,3,4,3,3,3,3,3,3,2.53846144676209,2,3,3,3.79999995231628,3.79999995231628,3.51999998092651
2,1,1,1,100,24,,2,2,1,1,60,4,2,3,5,3,3,3,4,4,5,5,5,5,5,5,5,3,4,4,1,2,1,2,3,2,4,1,3,3,2,2,3,5,1,1,2,3,3,4,3,2,2,3,2,2,2,2,6,2.53846144676209,2,2.5,2.5,4.59999990463257,4.59999990463257,
2,1,1,1,100,24,,2,2,1,1,60,4,1,4,3,3,1,4,4,4,4,3,4,3,4,4,2,1,3,2,3,2,1,3,2,4,4,4,2,4,4,2,2,1,1,3,5,5,5,4,2,2,2,5,2,4,3,2,1,2.8461537361145,2.5,3.5,4,3.79999995231628,2.79999995231628,7.03000020980835
2,1,1,1,100,24,,2,2,1,1,60,4,2,3,2,1,3,4,4,4,4,4,4,4,4,3,4,3,4,4,2,1,1,2,4,2,3,2,3,3,2,2,4,2,2,2,2,3,4,3,4,2,3,4,2,3,2,2,1,2.69230771064758,1.875,2.5,3,4,3.59999990463257,7.03000020980835
2,1,1,1,100,24,,2,2,1,1,60,3,2,3,4,2,3,3,4,4,4,4,4,4,5,5,4,3,3,4,3,1,2,3,3,3,3,2,4,3,3,3,5,3,2,3,3,2,3,4,3,2,3,3,2,3,4,3,1,3,2.625,2,3,4,4.19999980926514,7.03000020980835
2,1,1,1,100,24,,2,2,1,1,60,4,1,4,2,1,1,2,4,4,4,5,4,5,4,4,4,3,3,3,2,2,1,2,3,2,3,2,2,3,2,2,2,2,1,2,2,3,3,3,4,2,2,2,2,2,2,1,1,2.30769228935242,1.875,2.5,2.5,4.19999980926514,4,7.03000020980835
2,1,1,1,100,24,,2,2,1,1,60,3,2,3,4,1,1,3,4,3,4,4,4,2,3,4,3,2,2,4,3,2,3,1,2,1,4,3,2,3,4,2,2,2,1,2,1,1,1,2,4,1,2,1,2,1,2,1,1,2.23076915740967,1.875,1.5,2,3.79999995231628,2.79999995231628,7.03000020980835
2,1,1,1,100,24,,2,2,1,1,60,2,2,4,4,3,3,3,4,4,3,4,4,3,4,3,3,2,3,3,3,1,1,1,4,1,1,2,1,3,2,1,1,1,1,1,2,3,4,3,3,2,2,3,2,3,2,2,1,2,1.25,2.5,3,3.79999995231628,3,7.03000020980835
2,4,1,3,100,30,11,9,3,1,1,3,5,2,4,5,1,1,2,5,5,5,5,5,1,5,5,5,5,5,4,1,2,1,2,1,2,1,5,1,1,1,1,3,1,1,1,3,5,1,3,3,1,1,1,1,1,1,1,3,1.84615385532379,1.75,1.5,1,5,4.19999980926514,3.51999998092651
2,4,1,3,100,30,11,9,3,1,1,3,5,2,5,5,1,6,3,5,4,4,5,4,4,4,3,4,4,4,4,3,3,1,,2,3,2,3,2,2,3,2,,2,2,1,2,3,3,3,3,3,3,3,3,3,3,3,1,,,3,2.5,4.40000009536743,3.79999995231628,7.03000020980835
2,4,1,3,100,30,11,9,3,1,1,3,5,2,5,5,1,1,2,4,5,4,5,4,4,4,3,4,4,3,3,1,1,1,2,2,2,2,1,4,2,3,1,5,1,1,1,1,1,3,3,5,2,4,1,1,2,2,2,1,2.53846144676209,1.375,2,2,4.40000009536743,3.79999995231628,7.03000020980835
2,4,1,3,100,30,11,9,3,1,1,19,3,1,4,3,1,1,4,5,5,5,5,5,5,5,3,5,4,3,4,2,2,1,2,4,2,1,2,1,3,2,2,3,2,2,1,2,2,3,4,3,2,3,3,2,4,2,2,1,2.23076915740967,1.75,2.5,3.5,5,4.40000009536743,7.03000020980835
2,4,1,3,100,30,11,9,3,1,1,19,3,2,4,2,1,3,4,5,5,5,5,5,5,5,5,5,5,5,5,3,2,2,3,3,3,3,3,3,5,3,3,3,3,,,3,3,4,5,5,3,5,3,3,5,3,3,1,3.23076915740967,,3,5,5,5,7.03000020980835
2,4,1,3,100,30,11,9,3,1,1,19,4,2,4,3,1,1,,4,5,5,5,4,4,4,4,4,4,4,4,3,1,1,2,3,3,3,3,2,4,2,2,3,1,1,1,1,3,2,5,4,2,3,3,3,4,2,3,3,2.53846144676209,1.875,1.5,4,4.59999990463257,4,3.51999998092651
2,4,1,3,100,30,11,9,3,1,1,19,3,2,4,3,1,3,3,4,5,4,4,4,4,4,3,4,2,3,3,3,1,1,2,2,1,1,2,1,4,1,3,4,1,1,1,2,1,3,5,3,1,2,3,1,4,3,2,1,1.84615385532379,1.5,2,4,4.19999980926514,3.40000009536743,7.03000020980835
2,4,1,3,100,30,11,9,3,1,1,19,3,2,5,4,1,1,4,5,5,5,5,5,5,5,4,4,3,4,4,2,2,2,2,5,1,3,3,3,4,3,3,3,3,2,2,4,3,3,3,4,1,4,4,1,4,3,3,1,3.1538462638855,2.125,2.5,4,5,4.19999980926514,7.03000020980835
1,5,1,4,100,40,14,11,3,1,1,11,5,2,4,3,1,1,3,4,5,4,4,4,5,5,4,4,4,4,5,3,4,3,2,5,4,2,1,2,2,2,2,2,2,2,2,2,3,2,4,3,2,3,2,2,2,2,2,6,2.61538457870483,2.25,3,2,4.19999980926514,4.40000009536743,
1,5,1,4,100,40,14,11,3,1,1,11,5,1,5,5,1,3,2,4,4,4,4,4,4,5,5,4,4,3,4,3,2,1,3,2,2,3,2,3,3,2,1,3,1,2,1,2,3,4,3,4,2,3,2,2,3,2,2,1,2.53846144676209,1.625,3,3,4,4.40000009536743,7.03000020980835
1,1,1,4,100,44,25,23,3,2,1,64,4,2,4,3,1,3,3,5,5,5,4,5,5,4,5,5,4,4,3,2,1,2,3,2,2,1,5,1,1,1,3,4,2,1,2,1,3,4,5,3,2,2,5,1,2,2,2,1,1.84615385532379,2.625,2.5,1.5,4.80000019073486,4.59999990463257,7.03000020980835
1,1,1,4,100,44,25,23,3,2,1,64,1,2,4,3,4,1,2,5,5,5,4,5,4,4,2,5,4,4,4,3,2,1,2,4,1,1,1,3,2,2,1,5,1,1,1,3,4,3,3,3,3,3,3,3,2,3,3,1,3,1.375,2.5,2,4.80000019073486,3.79999995231628,7.03000020980835
1,1,1,4,100,44,25,23,3,2,1,64,1,2,4,3,1,3,3,4,4,4,4,5,4,4,3,4,4,4,3,3,1,1,3,3,3,5,2,5,3,4,2,1,5,5,5,2,5,1,4,5,2,2,4,1,3,2,2,6,2.92307686805725,2.875,1,3,4.19999980926514,3.79999995231628,
1,1,1,4,100,44,25,23,3,2,1,64,1,1,3,3,3,3,4,5,4,4,4,4,3,4,3,3,2,3,3,3,4,2,4,3,4,4,3,3,5,3,3,5,2,3,3,4,4,4,5,3,3,3,4,3,5,3,2,1,3.38461542129517,3,4,5,4.19999980926514,3,7.03000020980835
1,1,1,4,100,44,25,23,3,2,1,64,1,1,3,2,1,5,3,4,4,4,5,4,3,4,3,4,4,3,3,2,2,2,3,3,2,4,3,3,3,3,2,4,2,3,3,3,3,3,5,3,3,3,4,3,3,3,3,1,3.07692313194275,2.5,2.5,3,4.19999980926514,3.59999990463257,7.03000020980835
1,1,1,4,100,44,25,23,3,2,1,64,3,1,4,5,2,3,3,5,5,5,5,5,3,5,4,5,3,5,4,2,2,1,2,3,2,3,2,2,2,2,2,3,2,1,2,2,3,4,4,3,2,2,3,2,3,2,2,4,2.38461542129517,1.875,3,2.5,5,4,5.15999984741211
1,1,1,4,100,44,25,23,3,2,1,64,1,2,2,3,1,1,4,5,4,4,4,4,4,4,4,4,4,3,3,2,3,1,3,3,3,3,2,2,3,2,2,2,3,,,2,4,3,4,3,4,3,3,3,3,3,3,3,2.76923084259033,,3,3,4.19999980926514,4,3.51999998092651
1,4,2,3,100,35,,,4,1,1,32,1,2,3,4,1,5,2,4,4,4,4,4,5,4,3,4,4,3,3,3,1,1,2,1,2,1,1,1,1,2,1,5,1,1,1,2,2,5,3,3,2,2,1,1,2,2,2,6,1.92307686805725,1.375,3,1.5,4,4,
1,4,2,3,100,35,,,4,1,1,32,1,1,1,4,2,5,3,5,5,5,5,3,3,3,5,3,3,3,3,3,3,3,3,3,3,3,3,1,3,3,1,5,3,3,3,3,3,3,3,3,3,3,3,3,3,3,3,3,3,2.75,3,3,4.59999990463257,3.40000009536743,3.51999998092651
1,4,2,3,100,35,,,4,1,1,32,1,1,3,1,1,5,3,5,5,5,4,3,4,2,3,4,3,3,3,3,3,2,4,3,2,3,3,2,3,3,2,5,1,2,1,2,4,3,3,4,3,3,4,3,3,3,4,1,3.23076915740967,2.25,3,3,4.40000009536743,3.20000004768372,7.03000020980835
1,4,2,3,100,35,,,4,1,1,32,1,1,2,1,1,1,1,4,4,4,3,1,4,2,2,2,4,1,1,1,1,1,3,2,2,1,1,1,1,1,2,1,1,1,2,2,2,4,3,3,2,2,3,2,3,2,2,1,1.69230771064758,1.75,2.5,2,3.20000004768372,2.79999995231628,7.03000020980835
1,4,2,3,100,35,,,4,1,1,32,1,1,4,4,1,3,,5,5,5,5,5,5,5,5,5,5,5,5,1,,1,1,,1,5,5,3,3,1,1,1,1,1,1,3,3,1,5,3,1,3,1,1,3,3,5,6,,1.5,,3,5,5,
1,4,2,3,100,35,,,4,1,1,32,1,1,4,3,5,1,4,4,5,5,5,4,5,5,3,4,4,4,3,4,5,1,2,5,2,2,2,2,2,3,1,4,3,2,2,3,3,4,5,2,2,1,2,2,2,2,2,1,2.76923084259033,1.875,4.5,2,4.59999990463257,4.19999980926514,7.03000020980835
1,4,2,3,100,35,,,4,1,1,32,1,1,4,4,1,3,4,4,5,5,,4,5,5,3,4,4,3,3,1,5,1,2,3,2,4,2,1,2,1,3,5,1,2,3,3,5,3,5,5,3,3,4,3,4,3,4,1,3.46153855323792,2.125,4,3,,4.19999980926514,7.03000020980835
1,3,1,3,100,27,13,8,3,1,2,6,5,2,5,5,3,5,2,5,5,5,5,4,5,4,4,4,4,4,4,1,1,2,2,3,2,2,1,4,3,1,1,4,1,1,1,1,2,3,3,2,2,2,2,2,2,1,1,1,2,1.5,2,2.5,4.80000019073486,4.19999980926514,7.03000020980835
1,3,1,3,100,27,13,8,3,1,2,6,5,2,5,5,3,1,3,4,5,5,5,4,4,2,4,3,5,4,3,2,1,2,4,3,3,3,2,2,4,2,3,5,2,2,3,3,2,4,3,4,3,3,3,2,4,3,3,1,2.76923084259033,2.75,2.5,4,4.59999990463257,3.59999990463257,7.03000020980835
1,1,1,2,100,33,5,4,3,1,2,50,4,1,5,3,2,5,4,4,4,4,4,2,1,1,1,3,3,4,3,1,4,1,1,4,1,4,2,2,3,3,2,2,1,1,2,3,3,4,4,5,2,5,2,3,3,3,3,2,3.38461542129517,1.5,4,3,3.59999990463257,1.79999995231628,4.17000007629395
1,1,1,2,100,33,5,4,3,1,2,50,4,1,4,2,1,3,4,5,5,4,4,4,4,5,3,4,4,4,4,4,3,3,3,4,3,4,3,2,5,3,3,4,3,3,3,3,4,5,5,4,2,4,4,2,5,4,4,1,3.46153855323792,2.875,4,5,4.40000009536743,4,7.03000020980835
1,1,1,2,100,33,5,4,3,1,2,50,3,1,3,3,3,1,4,5,5,5,5,5,5,5,4,4,5,5,4,3,1,1,2,3,1,2,2,2,2,3,1,5,1,2,2,2,3,4,4,5,3,3,4,3,3,2,1,1,2.69230771064758,1.625,2.5,2.5,5,4.59999990463257,7.03000020980835
1,1,1,2,100,33,5,4,3,1,2,50,4,,4,5,2,4,2,5,5,5,3,3,4,4,3,4,4,5,2,1,4,1,2,5,1,4,1,5,4,1,4,3,5,2,5,2,1,1,1,1,1,1,1,1,1,1,1,,2.30769228935242,2.5,2.5,2.5,4.19999980926514,3.79999995231628,
1,1,1,2,100,33,5,4,3,1,2,50,3,1,2,2,1,1,3,5,5,5,5,4,4,5,4,3,4,5,5,2,2,2,2,3,3,3,3,3,1,3,1,3,3,3,3,3,3,3,3,3,3,3,3,3,3,3,3,3,2.92307686805725,2.5,2.5,2,4.80000019073486,4,3.51999998092651
1,1,1,2,100,33,5,4,3,1,2,50,4,1,4,4,1,5,3,5,5,5,5,5,4,4,3,4,5,5,4,4,1,2,3,1,3,1,3,1,1,3,1,1,1,1,1,3,3,3,3,3,3,3,3,3,3,3,2,1,2.1538462638855,2.125,2,2,5,4,7.03000020980835
1,1,1,2,100,33,5,4,3,1,2,50,4,1,4,3,1,5,3,5,5,5,4,4,5,5,5,4,4,5,4,3,3,2,4,3,3,4,2,2,4,4,2,4,1,2,1,3,3,4,4,5,3,3,2,3,4,3,4,1,3.38461542129517,2.25,3.5,4,4.59999990463257,4.59999990463257,7.03000020980835
1,1,1,2,100,33,5,4,3,1,2,50,4,1,5,3,1,5,2,5,5,5,5,5,5,5,4,5,3,4,4,1,3,1,2,4,1,4,1,3,1,3,1,3,1,1,1,2,3,3,4,2,2,2,2,2,2,3,1,6,2.69230771064758,1.25,3,1.5,5,4.40000009536743,
1,1,1,2,100,33,5,4,3,1,2,50,5,2,5,4,1,3,1,5,5,5,5,5,5,5,5,5,5,5,5,1,1,1,1,1,1,2,1,1,1,1,1,1,1,1,1,1,1,2,3,2,1,1,1,1,1,1,1,1,1.15384614467621,1,1.5,1,5,5,7.03000020980835
1,1,1,2,100,33,5,4,3,1,2,50,3,1,3,4,1,3,3,5,5,4,5,4,3,3,3,4,2,4,5,2,2,1,2,3,2,3,2,2,3,2,1,3,1,2,1,3,4,2,4,4,2,3,3,3,3,3,3,1,2.92307686805725,1.5,2,3,4.59999990463257,3,7.03000020980835
1,1,1,2,100,33,5,4,3,1,2,50,4,1,3,2,1,5,4,5,5,4,4,4,1,2,3,3,3,3,3,3,1,2,2,3,2,1,3,1,1,2,1,3,1,1,1,2,3,4,4,4,2,2,4,2,5,3,2,1,2.23076915740967,1.75,2.5,3,4.40000009536743,2.40000009536743,7.03000020980835
1,1,1,2,100,33,5,4,3,1,2,50,4,1,5,3,1,5,4,5,5,5,5,5,4,3,3,4,5,4,5,1,2,2,3,2,2,3,3,5,1,5,3,5,1,1,1,2,4,4,4,3,2,5,3,2,2,2,4,6,3.38461542129517,2.125,3,1.5,5,3.79999995231628,
1,1,1,2,100,33,5,4,3,1,2,50,3,1,4,2,1,5,4,5,5,5,5,5,5,5,3,5,5,4,4,1,4,1,2,5,2,5,2,3,2,2,1,5,2,1,1,3,3,5,5,3,2,2,5,3,2,3,3,4,3.38461542129517,1.625,4.5,2,5,4.59999990463257,5.15999984741211
2,3,1,2,100,31,2,2,4,1,1,46,1,2,5,4,1,2,4,5,5,5,5,5,5,5,5,4,5,5,4,2,2,1,2,3,2,4,3,2,4,2,3,4,2,2,3,4,4,2,4,3,2,2,3,1,4,2,3,1,2.76923084259033,2.25,2,4,5,4.80000019073486,7.03000020980835
2,3,1,2,100,31,2,2,4,1,1,46,3,1,5,5,3,1,4,5,5,5,4,4,5,4,4,4,5,4,3,1,4,2,2,3,2,4,3,2,2,3,2,3,2,2,2,3,3,2,3,3,3,3,4,3,3,3,3,1,3.07692313194275,2.25,3,2.5,4.59999990463257,4.40000009536743,7.03000020980835
2,3,1,2,100,31,2,2,4,1,1,46,3,2,4,4,1,1,2,4,4,4,4,2,4,5,4,4,4,3,2,3,1,2,2,3,2,4,2,1,2,1,1,5,1,1,1,1,1,3,1,5,1,2,5,1,2,1,3,1,2.23076915740967,1.5,2,2,3.59999990463257,4.19999980926514,7.03000020980835
2,3,1,2,100,31,2,2,4,1,1,46,4,1,3,3,1,5,3,4,4,4,4,2,5,5,4,4,3,3,3,2,3,1,1,4,2,3,3,3,3,3,2,2,2,2,1,2,3,4,2,2,2,2,2,2,2,2,2,1,2.53846144676209,1.75,3.5,2.5,3.59999990463257,4.19999980926514,7.03000020980835
2,3,1,2,100,31,2,2,4,1,1,46,2,1,4,4,1,5,2,5,5,5,4,3,4,3,4,4,4,4,3,2,2,1,3,4,1,2,1,2,1,2,2,3,1,1,1,2,3,4,3,2,2,2,2,2,2,2,2,3,2.30769228935242,1.5,3,1.5,4.40000009536743,3.79999995231628,3.51999998092651
2,3,1,2,100,31,2,2,4,1,1,46,2,1,4,2,1,5,4,5,5,5,5,3,3,2,3,3,2,2,3,1,2,1,1,4,1,4,2,2,2,2,2,3,2,2,1,2,2,2,5,1,2,2,5,2,3,1,2,4,2.23076915740967,1.5,2,2.5,4.59999990463257,2.59999990463257,5.15999984741211
2,3,1,2,100,31,2,2,4,1,1,46,1,2,4,5,1,3,4,5,4,4,4,3,3,4,4,2,3,4,3,4,2,2,2,4,2,3,3,3,3,3,3,4,2,3,2,2,3,4,4,4,2,4,3,2,3,2,2,1,2.92307686805725,2.25,3,3,4,3.20000004768372,7.03000020980835
2,3,1,2,100,31,2,2,4,1,1,46,3,1,5,2,1,5,2,5,5,5,5,5,5,5,5,5,5,5,5,1,1,1,3,3,3,1,3,1,1,5,1,3,1,3,1,3,3,3,3,3,3,3,3,3,1,2,1,6,2.46153855323792,2,2,1,5,5,
2,3,1,2,100,31,2,2,4,1,1,46,1,2,3,2,1,1,3,5,5,5,4,4,5,4,5,2,2,3,4,2,4,2,2,2,3,,,,,,,,,,,,,4,4,2,2,1,3,1,4,2,3,1,,,4,,4.59999990463257,3.59999990463257,7.03000020980835
2,3,1,2,100,31,2,2,4,1,1,46,2,1,4,2,1,3,3,5,5,5,4,4,4,5,5,5,4,4,4,3,2,1,3,3,3,4,3,3,2,2,1,5,2,1,2,2,4,3,5,5,3,5,3,2,3,3,2,1,3.23076915740967,2.25,2.5,2.5,4.59999990463257,4.59999990463257,7.03000020980835
2,3,1,2,100,31,2,2,4,1,1,46,5,1,3,4,3,3,4,5,5,5,4,4,4,5,4,4,4,5,5,3,2,1,2,3,3,3,2,4,2,3,2,2,1,1,1,3,4,3,5,4,3,3,3,3,3,3,4,1,3.1538462638855,1.875,2.5,2.5,4.59999990463257,4.19999980926514,7.03000020980835
2,3,1,2,100,31,2,2,4,1,1,46,1,1,5,5,1,3,3,5,5,5,5,4,4,3,5,4,5,5,4,3,2,1,4,4,1,4,3,2,4,1,1,5,1,2,3,2,2,1,3,1,1,1,4,2,2,1,1,1,2.1538462638855,1.875,1.5,3,4.80000019073486,4.19999980926514,7.03000020980835
2,3,1,2,100,31,2,2,4,1,1,46,1,1,4,4,1,3,3,5,4,5,4,4,5,5,5,5,5,5,5,3,2,2,2,3,2,3,1,3,3,3,2,2,2,2,2,3,5,4,5,2,2,2,1,2,1,3,2,6,2.69230771064758,1.875,3,2,4.40000009536743,5,
2,3,1,2,100,31,2,2,4,1,1,46,3,2,5,1,1,3,2,5,5,5,5,5,5,5,5,5,5,5,5,2,1,1,1,2,1,1,1,1,5,1,1,2,1,1,1,1,1,5,4,1,1,1,2,1,1,1,1,1,1.15384614467621,1,3,3,5,5,7.03000020980835
2,3,1,2,100,31,2,2,4,1,1,46,1,2,3,4,1,5,3,4,5,5,4,4,3,3,4,2,2,3,2,3,2,3,3,4,2,4,3,3,4,3,3,5,2,3,2,3,2,4,4,5,3,5,4,3,4,4,5,1,3.69230771064758,2.625,3,4,4.40000009536743,2.79999995231628,7.03000020980835
2,3,1,2,100,31,2,2,4,1,1,46,1,2,4,2,1,3,3,5,5,5,5,5,5,5,4,4,4,5,4,1,3,2,3,5,1,5,4,1,3,2,2,5,2,2,3,1,3,4,5,3,2,2,5,1,3,2,3,1,2.76923084259033,2.375,3.5,3,5,4.40000009536743,7.03000020980835
2,3,1,2,100,31,2,2,4,1,1,46,1,2,3,4,1,1,3,4,5,5,5,3,4,4,4,3,4,5,5,2,2,1,2,3,1,2,2,2,3,2,2,4,2,1,1,2,2,3,3,3,2,1,3,1,2,2,3,1,2.23076915740967,1.625,2.5,2.5,4.40000009536743,3.79999995231628,7.03000020980835
1,1,1,3,100,41,14,14,3,2,1,11,2,2,3,5,3,3,,5,5,5,5,5,5,5,5,5,,5,5,3,1,1,3,3,3,1,1,1,1,5,1,1,1,1,1,1,2,5,3,2,3,1,3,3,3,1,1,1,1.76923072338104,1.75,3,2,5,,7.03000020980835
2,1,1,3,100,41,9,8,3,1,1,65,3,2,4,4,1,3,2,4,4,4,5,5,4,3,3,3,2,4,4,1,1,1,1,2,1,4,4,1,1,1,1,4,1,1,1,1,2,3,4,2,2,1,4,1,5,1,1,1,1.69230771064758,1.5,2,3,4.40000009536743,3,7.03000020980835
2,1,1,3,100,41,9,8,3,1,1,65,3,2,4,3,1,3,4,4,4,4,4,4,5,4,3,4,5,4,3,2,2,2,2,3,3,4,2,2,2,2,2,3,2,2,2,2,3,2,5,3,2,2,4,3,3,3,3,1,2.69230771064758,2.125,2,2.5,4,4.19999980926514,7.03000020980835
2,1,1,3,100,41,9,8,3,1,1,65,4,2,4,3,1,3,2,5,5,5,5,5,4,5,4,4,4,5,5,2,1,1,1,3,1,1,1,3,1,2,1,3,1,1,1,1,5,5,5,3,1,2,3,1,1,2,2,4,2.23076915740967,1,3,1,5,4.19999980926514,5.15999984741211
2,1,1,3,100,41,9,8,3,1,1,65,4,2,3,3,,3,4,4,4,4,4,4,3,4,4,4,4,3,4,3,2,2,3,4,3,3,3,3,3,2,2,4,2,3,2,3,3,4,5,4,3,3,4,3,3,3,4,1,3.1538462638855,2.5,3,3,4,3.79999995231628,7.03000020980835
2,1,1,3,100,41,9,8,3,1,1,65,3,2,5,4,1,3,4,4,4,4,4,4,4,4,3,4,4,4,5,3,1,2,3,2,3,1,3,2,4,2,2,3,1,2,2,2,2,5,5,4,3,3,3,1,5,2,1,1,2,2.375,3,4.5,4,3.79999995231628,7.03000020980835
2,1,1,3,100,41,9,8,3,1,1,65,3,1,4,4,1,5,4,3,3,4,2,3,1,3,1,4,3,2,3,2,4,2,5,4,3,4,5,3,5,3,4,5,3,3,4,3,5,3,5,1,5,2,5,3,5,3,2,1,3.23076915740967,3.875,3.5,5,3,2.40000009536743,7.03000020980835
2,1,1,3,100,41,9,8,3,1,1,65,2,2,3,4,3,1,3,4,4,4,4,4,4,4,3,4,4,3,3,2,1,1,2,2,1,2,2,2,2,2,1,3,1,1,1,2,2,4,3,3,3,3,3,2,4,3,3,1,2.30769228935242,1.5,2.5,3,4,3.79999995231628,7.03000020980835
2,1,1,3,100,41,9,8,3,1,1,65,3,1,4,3,1,1,4,5,5,5,5,5,4,4,4,4,4,4,3,2,3,1,3,3,2,2,2,3,2,3,2,3,2,3,2,3,3,3,4,2,2,2,3,2,2,2,4,6,2.69230771064758,2,3,2,5,4,
2,1,1,3,100,41,9,8,3,1,1,65,4,1,4,4,3,3,3,4,4,4,4,4,4,4,3,4,4,4,3,3,3,2,3,3,3,4,3,3,4,4,2,5,3,2,2,3,3,3,5,5,2,4,3,3,4,4,5,1,3.76923084259033,2.5,3,4,4,3.79999995231628,7.03000020980835
2,1,1,3,100,41,9,8,3,1,1,65,3,2,4,3,1,3,3,5,5,5,4,5,5,4,3,4,4,4,4,1,1,1,1,3,1,1,3,1,2,1,1,1,1,1,1,2,1,2,3,4,1,1,4,1,2,1,3,2,1.61538457870483,1.25,1.5,2,4.80000019073486,4,4.17000007629395
2,1,1,3,100,41,9,8,3,1,1,65,3,1,4,3,3,1,4,4,4,4,4,4,4,4,4,4,4,4,4,2,3,2,3,3,2,2,2,3,2,2,2,4,2,2,2,2,4,4,4,4,3,4,3,2,2,2,3,3,2.92307686805725,2.25,3.5,2,4,4,3.51999998092651
2,1,1,3,100,41,9,8,3,1,1,65,3,2,4,3,1,5,2,5,5,5,4,5,5,4,3,5,4,5,5,1,1,1,1,2,1,2,2,1,1,1,1,1,1,1,1,1,2,3,3,2,1,2,3,1,2,1,2,2,1.46153843402863,1.125,2,1.5,4.80000019073486,4.19999980926514,4.17000007629395
2,1,1,3,100,41,9,8,3,1,1,65,4,2,3,3,1,3,4,4,4,4,4,4,4,4,3,4,3,4,4,2,2,2,2,3,3,3,1,2,3,3,3,3,2,2,2,2,3,2,3,3,2,2,3,1,3,2,2,1,2.38461542129517,2.125,2,3,4,3.59999990463257,7.03000020980835
2,1,1,3,100,41,9,8,3,1,1,65,3,1,3,3,1,1,3,4,4,4,5,4,3,4,3,3,2,3,2,2,2,1,2,3,1,3,2,2,3,2,1,4,1,1,1,2,3,3,4,3,2,3,3,3,3,2,2,3,2.61538457870483,1.375,2.5,3,4.19999980926514,3,3.51999998092651
2,1,1,3,100,41,9,8,3,1,1,65,4,2,4,3,1,3,4,5,4,4,4,4,3,3,3,4,4,5,4,3,2,2,4,3,3,4,3,1,4,3,2,5,3,3,2,2,3,3,5,4,3,3,4,3,5,2,3,1,2.92307686805725,2.75,2.5,4.5,4.19999980926514,3.40000009536743,7.03000020980835
2,1,1,3,100,41,9,8,3,1,1,65,3,1,4,4,2,3,,5,5,5,5,4,4,4,3,3,2,4,4,2,4,2,3,4,2,,4,3,5,3,3,5,3,3,4,3,3,3,5,5,3,3,5,3,5,3,3,1,,3,3.5,5,4.80000019073486,3.20000004768372,7.03000020980835
2,1,1,3,100,41,9,8,3,1,1,65,2,1,4,3,1,3,4,5,3,4,4,4,3,3,2,4,2,2,4,4,3,3,3,4,3,4,4,3,5,3,3,3,3,2,3,3,3,4,5,4,3,3,3,2,5,3,4,1,3.23076915740967,3.125,3.5,5,4,2.79999995231628,7.03000020980835
2,1,1,3,100,41,9,8,3,1,1,65,3,1,4,4,1,3,4,5,5,5,5,5,5,5,4,4,4,4,4,2,3,1,3,3,3,4,3,3,3,3,2,4,2,2,3,3,4,3,4,5,2,3,3,2,2,3,3,1,3.30769228935242,2.375,3,2.5,5,4.40000009536743,7.03000020980835
2,1,1,3,100,41,9,8,3,1,1,65,3,1,3,3,1,5,4,4,4,4,4,4,3,4,3,4,4,4,4,3,2,1,2,3,2,3,2,2,2,2,3,4,2,1,2,2,3,4,3,3,2,3,4,2,2,2,2,,2.53846144676209,2,3,2,4,3.59999990463257,
2,1,1,3,100,41,9,8,3,1,1,65,3,2,4,3,1,3,4,5,5,5,5,5,3,4,4,4,3,4,4,2,2,2,5,5,4,3,5,2,5,2,3,4,3,2,4,4,3,4,5,3,3,2,4,2,4,4,5,1,3.1538462638855,3.625,3,4.5,5,3.59999990463257,7.03000020980835
2,1,1,3,100,32,6,3,3,1,2,55,4,2,2,2,1,3,3,4,4,3,4,3,4,4,4,3,3,3,3,3,1,1,2,1,2,2,2,1,1,1,1,3,1,1,1,1,1,5,1,3,2,2,3,4,2,2,3,1,1.92307686805725,1.5,3,1.5,3.59999990463257,3.59999990463257,7.03000020980835
2,1,1,3,100,32,6,3,3,1,2,55,4,2,4,4,3,3,4,4,4,4,4,4,4,4,3,4,3,3,3,4,2,2,3,2,3,2,3,2,3,3,2,2,2,2,1,3,3,3,3,4,3,3,3,2,3,3,3,1,2.61538457870483,2.375,2.5,3,4,3.59999990463257,7.03000020980835
2,1,1,3,100,32,6,3,3,1,2,55,4,1,4,4,3,5,4,5,5,4,4,4,5,4,4,4,3,4,3,3,3,2,3,3,3,4,4,3,4,3,3,3,2,2,3,4,3,3,5,2,2,5,4,3,4,3,2,1,3.1538462638855,2.75,3,4,4.40000009536743,4,7.03000020980835
2,1,1,3,100,32,6,3,3,1,2,55,3,2,5,4,1,3,4,4,4,4,4,4,3,3,4,4,4,3,4,2,1,2,2,4,2,5,3,2,3,2,2,4,2,2,2,2,3,4,5,4,2,2,3,2,3,3,3,1,2.8461537361145,2.125,2.5,3,4,3.59999990463257,7.03000020980835
2,1,1,3,100,32,6,3,3,1,2,55,4,1,4,5,3,3,4,4,4,5,5,5,5,5,4,4,5,4,3,2,4,1,1,3,1,3,1,1,3,1,1,5,1,1,1,1,3,3,3,5,1,2,3,1,3,2,3,1,2.61538457870483,1,3.5,3,4.59999990463257,4.59999990463257,7.03000020980835
2,1,1,3,100,32,6,3,3,1,2,55,3,2,4,5,3,1,4,5,5,5,5,5,4,4,4,3,4,4,3,1,2,1,1,3,3,2,3,2,2,1,1,1,1,1,1,1,1,1,3,3,2,1,2,2,2,1,1,3,1.61538457870483,1.625,1.5,2,5,3.79999995231628,3.51999998092651
2,1,1,3,100,32,6,3,3,1,2,55,4,2,3,4,3,3,3,3,2,2,2,3,2,4,,3,3,2,2,3,2,2,3,2,3,4,2,2,2,2,2,2,2,2,2,2,2,2,2,3,2,3,3,2,3,3,3,1,2.46153855323792,2.25,2,2.5,2.40000009536743,,7.03000020980835
2,1,1,3,100,32,6,3,3,1,2,55,4,1,5,3,3,1,4,4,4,4,4,4,4,4,4,4,4,3,3,2,1,2,3,4,3,2,3,4,3,3,2,5,3,2,3,3,3,4,5,3,3,4,3,3,3,3,3,6,3.1538462638855,2.75,2.5,3,4,4,
2,1,1,3,100,32,6,3,3,1,2,55,4,1,5,4,3,5,5,4,4,4,4,4,5,4,4,4,4,4,3,3,4,2,2,4,1,2,3,2,2,2,2,3,1,2,1,3,4,4,4,3,2,1,3,1,3,3,1,4,2.53846144676209,1.75,4,2.5,4,4.19999980926514,5.15999984741211
2,1,1,3,100,32,6,3,3,1,2,55,4,1,4,3,2,5,4,4,4,4,4,5,4,5,3,4,4,4,5,2,4,2,2,2,3,3,3,4,4,3,2,5,1,3,1,3,4,5,5,3,2,3,4,3,4,3,4,1,3.38461542129517,2,4.5,4,4.19999980926514,4,7.03000020980835
2,1,1,3,100,32,6,3,3,1,2,55,3,2,3,2,3,2,3,5,4,4,3,4,4,4,4,4,3,4,4,3,3,1,2,,1,2,2,,,2,1,,1,,2,2,3,,,,2,,,2,,,,1,,1.5,,,4,3.79999995231628,7.03000020980835
2,1,1,3,100,32,6,3,3,1,2,55,4,1,5,2,3,3,4,5,5,4,4,4,5,5,3,4,5,4,4,4,2,2,2,4,2,2,3,1,3,2,2,4,3,2,3,3,4,5,5,3,3,3,3,3,3,3,3,1,2.8461537361145,2.5,3.5,3,4.40000009536743,4.40000009536743,7.03000020980835
1,3,1,3,100,33,11,11,3,1,2,25,4,2,4,2,1,3,3,5,5,5,5,5,5,5,5,5,5,5,4,1,1,2,2,4,3,3,3,4,3,1,1,4,2,2,3,1,1,4,4,3,2,2,4,1,4,1,1,1,2.07692313194275,2.25,2.5,3.5,5,5,7.03000020980835
1,3,1,3,100,33,11,11,3,1,2,25,2,1,5,3,1,1,2,5,5,5,5,4,4,4,3,2,3,3,3,4,1,1,1,1,1,2,2,1,2,2,1,3,1,1,1,2,2,4,2,4,1,2,2,1,2,2,2,1,1.92307686805725,1.125,2.5,2,4.80000019073486,3.20000004768372,7.03000020980835
1,3,1,3,100,33,11,11,3,1,2,25,4,1,4,2,1,1,3,4,4,4,4,4,4,4,4,4,4,4,3,3,2,2,2,3,2,2,3,2,2,3,2,4,2,3,1,3,3,3,4,3,2,3,3,2,3,3,3,1,2.76923084259033,2,2.5,2.5,4,4,7.03000020980835
1,3,1,3,100,33,11,11,3,1,2,25,4,1,5,3,1,1,4,5,5,5,5,5,5,5,5,5,5,5,4,1,1,1,3,5,1,3,1,1,3,3,1,3,1,1,1,3,4,4,4,2,3,3,3,3,3,4,2,1,2.8461537361145,1.5,2.5,3,5,5,7.03000020980835
1,3,1,3,100,33,11,11,3,1,2,25,4,1,4,2,1,1,4,4,5,5,5,5,5,5,5,5,5,5,4,1,3,4,4,3,4,3,2,3,4,4,3,5,2,3,3,3,3,3,5,3,3,4,4,3,3,2,2,1,3.1538462638855,3.125,3,3.5,4.80000019073486,5,7.03000020980835
1,3,1,3,100,33,11,11,3,1,2,25,4,2,5,2,1,2,3,5,5,5,5,5,5,5,5,5,5,4,3,2,2,1,1,2,2,4,2,4,2,1,1,5,1,1,1,2,2,4,2,5,2,5,2,2,3,2,2,1,2.92307686805725,1.375,3,2.5,5,5,7.03000020980835
1,3,1,3,100,33,11,11,3,1,2,25,4,1,5,1,1,1,3,5,5,5,5,5,5,5,5,5,5,4,4,2,4,3,3,3,2,4,2,2,2,2,2,2,2,2,2,2,3,2,3,4,3,4,2,2,2,3,2,3,2.8461537361145,2.375,3,2,5,5,3.51999998092651
1,1,1,4,100,41,12,8,3,1,2,31,4,1,5,5,1,2,3,5,5,5,5,5,4,4,4,5,5,5,5,1,2,1,1,3,1,5,1,4,5,1,5,3,2,1,2,1,1,3,4,2,1,2,1,1,5,1,3,1,2.23076915740967,1.75,2.5,5,5,4.40000009536743,7.03000020980835
1,1,1,4,100,41,12,8,3,1,2,31,3,2,5,5,3,6,3,4,4,4,3,3,5,5,4,4,4,5,5,2,1,1,3,2,2,1,1,1,2,2,2,2,1,1,1,1,2,4,3,2,2,2,3,3,3,2,2,1,1.76923072338104,1.625,2.5,2.5,3.59999990463257,4.40000009536743,7.03000020980835
1,1,1,4,100,41,12,8,3,1,2,31,4,2,5,4,2,3,3,5,5,5,5,5,5,5,5,5,5,5,5,1,1,1,2,4,2,3,2,1,3,3,2,4,1,1,1,2,2,5,4,2,2,1,3,2,3,1,1,1,2.07692313194275,1.625,3,3,5,5,7.03000020980835
1,1,1,4,100,41,12,8,3,1,2,31,4,1,4,2,1,3,3,5,5,5,4,5,4,4,4,4,4,5,4,3,2,2,3,3,3,2,3,2,3,2,3,3,3,2,2,2,3,4,4,3,3,3,3,3,3,3,2,1,2.53846144676209,2.75,3,3,4.80000019073486,4,7.03000020980835
1,1,1,4,100,41,12,8,3,1,2,31,4,1,4,3,1,1,3,5,5,5,4,5,5,5,4,4,4,5,4,3,4,1,2,3,2,3,3,2,2,3,1,5,2,2,2,2,2,3,5,4,2,4,3,2,2,3,2,1,3,1.875,3.5,2,4.80000019073486,4.40000009536743,7.03000020980835
1,1,1,4,100,41,12,8,3,1,2,31,4,1,4,3,2,3,4,4,4,4,4,4,5,4,4,4,4,4,4,5,3,2,5,2,2,3,2,5,3,1,3,1,3,2,1,3,3,5,4,2,3,3,3,3,3,3,3,1,2.69230771064758,2.625,4,3,4,4.19999980926514,7.03000020980835
1,1,1,4,100,41,12,8,3,1,2,31,4,1,4,3,1,3,4,5,5,5,5,5,5,5,5,5,5,5,5,3,1,1,3,4,2,1,3,2,1,1,1,3,3,2,1,1,3,3,4,4,1,3,4,1,1,1,1,1,2,1.875,2,1,5,5,7.03000020980835
1,1,1,4,100,41,12,8,3,1,2,31,4,2,4,2,1,3,3,5,5,5,4,5,5,4,5,4,5,5,4,1,4,1,2,4,2,5,3,4,3,3,3,3,2,2,3,2,3,4,5,4,2,2,4,3,3,3,4,1,3.38461542129517,2.25,4,3,4.80000019073486,4.59999990463257,7.03000020980835
1,1,1,4,100,41,12,8,3,1,2,31,4,1,4,2,1,3,4,5,5,5,4,5,4,5,4,4,5,5,4,2,5,2,3,5,2,5,5,3,5,5,5,5,3,3,5,4,5,1,5,5,4,5,5,2,5,5,3,5,4.38461542129517,3.625,3,5,4.80000019073486,4.40000009536743,4.26999998092651
1,1,1,4,100,41,12,8,3,1,2,31,4,2,4,4,1,3,3,5,5,5,5,5,5,5,5,5,4,5,5,2,2,1,1,2,3,3,1,2,3,3,3,3,2,2,3,1,2,3,3,4,3,1,3,1,3,1,1,6,2,2.125,2.5,3,5,4.80000019073486,
1,1,1,3,100,34,18,16,3,1,1,34,2,1,5,2,2,3,4,5,5,5,5,5,5,5,5,4,4,4,4,4,2,2,3,3,2,4,3,3,3,2,,,,,,,,,1,1,1,1,1,1,1,1,1,1,,,,2,5,4.59999990463257,7.03000020980835
1,1,1,3,100,34,18,16,3,1,1,34,1,2,5,1,2,1,4,4,4,4,4,4,4,5,4,4,4,3,4,1,3,1,2,3,3,3,1,2,3,3,1,1,3,2,4,3,3,3,3,3,3,3,3,3,3,3,1,1,2.61538457870483,2.25,3,3,4,4.19999980926514,7.03000020980835
1,1,1,3,100,34,18,16,3,1,1,34,1,1,3,3,2,3,4,3,3,4,3,3,4,4,4,3,3,3,3,3,2,1,3,4,4,3,4,3,4,3,2,5,3,2,2,3,4,4,5,4,3,3,4,3,5,3,3,1,3.30769228935242,2.75,3,4.5,3.20000004768372,3.59999990463257,7.03000020980835
1,1,1,3,100,34,18,16,3,1,1,34,1,2,4,3,1,3,3,4,2,2,2,2,4,2,2,2,2,1,1,3,,1,3,2,1,5,2,5,3,1,5,3,2,1,2,3,3,3,1,2,3,1,2,2,1,4,2,1,,2.375,,2,2.40000009536743,2.40000009536743,7.03000020980835
1,1,1,3,100,34,18,16,3,1,1,34,1,1,5,3,2,3,3,1,2,1,5,1,2,,1,1,1,1,1,1,1,1,1,4,1,4,1,4,4,1,1,1,1,1,1,3,5,5,5,5,1,5,1,1,5,3,3,1,3.07692313194275,1,3,4.5,2,,7.03000020980835
1,1,1,3,100,34,18,16,3,1,1,34,1,2,4,3,1,1,2,4,4,3,4,4,4,4,3,2,3,3,2,3,2,2,3,2,2,4,2,2,2,2,1,4,2,2,2,2,3,2,4,2,2,2,2,2,3,2,3,1,2.46153855323792,2,2,2.5,3.79999995231628,3.20000004768372,7.03000020980835
1,1,1,3,100,34,18,16,3,1,1,34,1,1,4,3,2,3,3,4,3,4,3,3,5,5,3,3,3,4,4,2,3,2,5,4,3,3,3,4,5,5,5,5,5,5,5,5,5,5,5,3,5,5,2,5,5,4,5,1,4.307692527771,4.125,4,5,3.40000009536743,3.79999995231628,7.03000020980835
1,1,1,3,100,34,18,16,3,1,1,34,3,1,4,2,1,3,4,4,4,4,4,4,3,5,4,3,4,3,3,1,2,1,3,4,3,4,3,3,5,3,2,5,2,2,2,2,3,3,5,4,3,3,4,3,5,3,4,1,3.30769228935242,2.375,2.5,5,4,3.79999995231628,7.03000020980835
1,1,1,3,100,34,18,16,3,1,1,34,2,2,4,4,1,3,3,5,5,4,4,5,4,4,4,3,4,5,3,1,1,2,3,1,3,1,1,1,3,1,3,3,1,1,3,1,2,5,3,3,3,1,5,1,3,1,1,1,1.38461542129517,2.375,3,3,4.59999990463257,3.79999995231628,7.03000020980835
1,1,1,4,100,44,11,11,3,1,2,17,5,2,4,3,2,1,1,5,5,5,5,5,5,5,4,5,4,5,4,1,5,1,2,1,1,1,1,1,1,1,1,3,2,1,1,1,1,1,1,2,2,2,2,1,1,1,1,2,1.61538457870483,1.375,3,1,5,4.59999990463257,4.17000007629395
1,1,1,4,100,44,11,11,3,1,2,17,4,1,3,2,1,1,4,5,5,5,5,5,5,5,5,5,3,4,4,3,3,3,2,3,3,3,5,1,4,2,2,3,2,3,3,2,3,5,5,2,3,5,3,3,5,3,3,1,2.76923084259033,2.875,4,4.5,5,4.59999990463257,7.03000020980835
1,1,1,4,100,44,11,11,3,1,2,17,4,1,5,4,,4,3,5,5,5,5,5,5,5,5,5,5,5,4,1,4,1,1,5,2,4,3,3,1,3,1,3,3,3,3,3,3,3,3,3,3,3,3,3,3,3,3,6,3.30769228935242,2.125,3.5,2,5,5,
1,1,1,4,100,44,11,11,3,1,2,17,4,2,5,5,3,1,1,5,5,5,5,5,5,3,3,4,5,5,5,1,1,1,1,1,1,2,1,1,1,1,1,3,1,1,1,1,2,1,3,3,1,3,1,1,1,1,1,1,1.61538457870483,1,1,1,5,4,7.03000020980835
1,1,1,4,100,44,11,11,3,1,2,17,4,1,5,5,3,3,4,4,5,4,4,4,5,5,5,4,4,4,4,1,2,2,2,4,3,5,3,4,1,2,1,5,4,2,1,3,1,2,5,5,2,2,2,2,1,2,2,4,3,2.25,2,1,4.19999980926514,4.59999990463257,5.15999984741211
1,1,1,4,100,44,11,11,3,1,2,17,3,2,4,4,2,1,3,4,5,4,5,4,5,5,3,4,4,4,4,3,2,1,2,3,2,2,3,1,1,2,3,2,2,2,2,2,3,3,2,4,2,2,4,1,2,2,2,1,2.1538462638855,2.125,2.5,1.5,4.40000009536743,4.19999980926514,7.03000020980835
1,1,1,3,100,41,14,14,3,2,1,9,5,1,4,5,1,5,,5,5,5,5,5,4,5,5,5,4,4,4,2,3,1,2,4,1,2,1,1,1,3,1,4,1,1,1,1,2,3,2,5,1,1,1,1,1,1,2,6,2.30769228935242,1.125,3,1,5,4.59999990463257,
1,1,1,3,100,41,14,14,3,2,1,9,5,2,5,5,1,5,1,4,5,5,4,4,4,5,3,4,4,5,5,2,1,1,1,1,2,1,2,2,2,2,1,4,1,1,1,2,2,2,2,5,2,5,2,2,2,2,1,1,2.30769228935242,1.375,1.5,2,4.40000009536743,4,7.03000020980835
2,1,1,1,100,42,10,10,3,1,1,34,4,1,5,5,3,5,5,5,5,5,5,4,4,5,5,4,5,4,4,3,2,1,2,3,3,3,2,4,2,2,1,3,1,1,1,3,3,4,5,3,3,3,3,3,3,3,3,4,2.92307686805725,1.75,3,2.5,4.80000019073486,4.59999990463257,5.15999984741211
2,1,1,1,100,42,10,10,3,1,1,34,3,1,4,4,1,3,3,4,4,4,4,4,4,4,4,4,4,4,4,2,2,1,3,4,4,4,3,4,3,3,3,4,2,2,1,2,4,4,5,4,3,2,3,2,4,2,4,1,3.1538462638855,2.5,3,3.5,4,4,7.03000020980835
2,1,1,1,100,42,10,10,3,1,1,34,5,1,4,1,1,3,1,5,5,5,4,2,4,4,2,3,1,3,3,1,1,2,1,5,3,4,5,1,1,1,1,1,1,1,1,3,3,5,3,2,1,3,1,1,3,5,,6,,1.875,3,2,4.19999980926514,2.79999995231628,
2,1,1,1,100,42,10,10,3,1,1,34,3,1,3,2,1,5,3,2,2,2,4,3,3,4,4,3,2,2,4,2,2,2,2,2,2,3,2,2,2,2,2,3,2,2,1,2,2,3,3,3,2,2,2,2,2,2,2,6,2.23076915740967,1.875,2.5,2,2.59999990463257,3.20000004768372,
2,1,1,1,100,42,10,10,3,1,1,34,4,1,5,5,1,5,4,5,4,4,5,4,4,5,3,2,3,4,4,2,2,1,3,3,3,4,2,3,1,5,2,2,1,1,2,1,3,3,5,2,2,2,2,2,2,2,3,6,2.61538457870483,2,2.5,1.5,4.40000009536743,3.40000009536743,
2,1,1,1,100,42,10,10,3,1,1,34,4,2,4,4,1,5,4,5,4,5,5,5,4,5,4,4,5,4,4,3,3,1,3,3,1,3,1,1,3,1,1,3,1,2,1,1,3,4,3,3,1,3,3,1,3,1,1,1,2.07692313194275,1.25,3.5,3,4.80000019073486,4.40000009536743,7.03000020980835
2,1,1,1,100,42,10,10,3,1,1,34,3,1,3,4,1,5,5,5,5,5,5,3,2,5,4,4,1,4,4,1,2,1,1,3,1,2,1,3,2,1,1,1,1,1,1,1,5,3,5,1,1,1,3,1,4,1,3,1,1.92307686805725,1,2.5,3,4.59999990463257,3.20000004768372,7.03000020980835
2,1,1,1,100,42,10,10,3,1,1,34,4,2,3,3,1,5,4,4,4,4,4,3,2,3,4,3,4,3,3,2,2,2,2,4,3,4,3,3,2,3,2,3,2,3,1,2,2,4,3,5,3,2,3,2,1,3,3,4,2.92307686805725,2.25,3,1.5,3.79999995231628,3.20000004768372,5.15999984741211
2,1,1,1,100,42,10,10,3,1,1,34,3,1,4,4,1,1,2,4,3,4,5,4,5,5,5,4,5,4,5,1,1,1,3,4,3,2,3,1,1,5,1,1,1,1,1,1,2,4,2,1,2,1,3,2,2,1,1,1,1.76923072338104,1.875,2.5,1.5,4,4.80000019073486,7.03000020980835
2,1,1,1,100,42,10,10,3,1,1,34,4,2,5,5,1,3,2,4,4,4,3,4,4,5,,5,4,4,3,,1,1,2,1,3,2,3,1,2,3,1,3,1,2,1,3,3,4,3,3,3,2,2,1,3,3,3,1,2.23076915740967,1.875,2.5,2.5,3.79999995231628,,7.03000020980835
2,1,1,1,100,42,10,10,3,1,1,34,4,1,5,4,1,3,2,5,5,5,5,5,5,5,5,5,5,4,4,2,3,1,1,4,2,2,1,2,1,2,1,2,1,1,1,2,4,3,5,4,1,1,2,1,1,3,3,6,2.53846144676209,1.125,3,1,5,5,
2,1,1,1,100,42,10,10,3,1,1,34,3,1,4,5,1,5,3,5,5,5,5,5,4,5,5,5,3,4,4,2,3,3,1,4,3,4,2,3,2,3,3,3,3,1,2,3,3,3,4,3,3,3,3,3,3,3,4,6,3.23076915740967,2.5,3,2.5,5,4.40000009536743,
1,1,1,3,100,35,7,0,3,2,1,210,1,2,2,1,2,1,3,4,4,4,5,3,1,1,1,3,1,1,2,3,2,1,2,4,1,3,1,2,1,2,1,2,1,1,1,2,3,3,2,3,2,2,2,2,2,1,1,3,2.23076915740967,1.25,2.5,1.5,4,1.39999997615814,3.51999998092651
1,1,1,3,100,35,7,0,3,2,1,210,4,2,4,2,1,3,4,5,5,5,5,5,4,3,3,3,1,3,3,3,3,1,2,3,1,4,2,1,4,2,1,5,1,1,1,3,3,5,5,5,3,5,3,1,5,3,3,1,3.1538462638855,1.5,4,4.5,5,2.79999995231628,7.03000020980835
1,1,1,3,100,35,7,0,3,2,1,210,3,2,3,3,1,1,5,4,5,5,4,3,3,2,3,3,2,3,3,3,2,3,4,4,3,3,3,3,2,3,2,4,4,2,3,2,4,3,5,3,3,3,3,3,3,2,2,1,2.92307686805725,3.125,2.5,2.5,4.19999980926514,2.59999990463257,7.03000020980835
1,1,1,3,100,35,7,0,3,2,1,210,3,1,4,4,1,6,4,3,5,4,3,5,4,4,3,4,3,4,5,1,1,1,2,1,3,1,3,1,2,2,2,1,1,1,1,1,3,2,4,3,1,3,3,1,2,1,1,2,1.53846156597137,1.75,1.5,2,4,3.59999990463257,4.17000007629395
1,1,1,3,100,35,7,0,3,2,1,210,2,1,5,5,1,3,3,4,5,4,5,3,4,4,3,3,4,3,3,4,3,1,3,4,2,3,2,3,2,3,2,4,2,1,2,3,3,4,3,4,3,4,3,3,3,3,3,1,3.30769228935242,2.125,3.5,2.5,4.19999980926514,3.59999990463257,7.03000020980835
1,1,1,3,100,35,7,0,3,2,1,210,3,2,3,4,2,1,3,4,3,3,1,1,2,3,3,2,3,2,1,2,1,1,3,3,3,2,2,1,1,2,1,3,2,2,1,1,3,3,4,2,2,2,3,1,1,2,5,6,2.1538462638855,1.875,2,1,2.40000009536743,2.59999990463257,
1,1,1,3,100,35,7,0,3,2,1,210,3,1,3,1,2,3,4,5,5,5,4,4,5,4,3,3,3,3,3,2,2,1,3,4,3,3,3,3,3,4,3,4,2,2,1,3,4,3,5,5,3,5,4,3,3,3,3,1,3.53846144676209,2.375,2.5,3,4.59999990463257,3.59999990463257,7.03000020980835
1,1,1,3,100,35,7,0,3,2,1,210,1,1,2,4,,3,3,4,5,4,3,4,3,4,3,4,1,4,3,3,4,2,2,3,2,3,2,3,3,3,1,3,1,2,1,3,3,5,3,3,3,3,3,3,3,3,5,1,3.23076915740967,1.75,4.5,3,4,3,7.03000020980835
1,1,1,3,100,35,7,0,3,2,1,210,1,1,4,2,1,1,5,5,5,5,5,5,4,4,4,5,5,5,5,1,2,2,5,5,3,5,5,1,5,1,1,5,3,3,5,5,5,5,5,1,1,5,5,3,5,5,5,1,3.69230771064758,3.125,3.5,5,5,4.40000009536743,7.03000020980835
1,1,1,3,100,35,7,0,3,2,1,210,3,2,3,2,1,1,4,4,5,5,4,2,3,3,3,4,3,2,2,3,2,3,3,3,3,3,3,2,1,2,1,3,2,2,1,2,2,3,4,3,2,2,3,1,2,2,3,3,2.30769228935242,2.25,2.5,1.5,4,3.20000004768372,3.51999998092651
1,1,1,3,100,35,7,0,3,2,1,210,3,2,3,3,1,3,3,4,4,3,3,3,3,3,3,2,2,2,2,2,1,2,3,2,3,3,3,1,3,1,3,3,2,2,3,1,1,3,2,2,2,1,4,1,3,1,2,1,1.53846156597137,2.625,2,3,3.40000009536743,2.59999990463257,7.03000020980835
1,1,1,3,100,35,7,0,3,2,1,210,3,2,4,4,1,3,2,4,4,4,4,4,3,4,4,4,4,4,3,2,2,2,3,4,3,2,3,1,3,1,2,3,3,1,2,1,3,3,3,3,2,2,3,1,3,1,2,1,2,2.5,2.5,3,4,3.79999995231628,7.03000020980835
1,1,1,3,100,35,7,0,3,2,1,210,1,1,3,2,1,3,4,5,5,3,4,3,2,2,2,4,1,3,4,3,4,1,4,3,2,3,3,3,3,4,3,5,2,3,1,3,4,5,3,4,3,4,3,2,3,3,3,1,3.46153855323792,2.375,4.5,3,4,2.20000004768372,7.03000020980835
1,1,1,3,100,35,7,0,3,2,1,210,3,2,3,3,2,5,1,4,4,4,2,2,3,4,3,2,2,3,3,2,1,1,1,2,1,1,2,1,1,1,1,1,1,,,1,5,1,1,1,1,1,1,1,1,1,1,1,1.38461542129517,,1,1,3.20000004768372,2.79999995231628,7.03000020980835
1,1,1,3,100,35,7,0,3,2,1,210,1,2,4,2,2,3,4,4,5,4,3,2,4,4,2,5,4,4,4,2,,,3,,4,,,1,1,1,,5,5,,5,1,5,,5,1,,,,1,,,,1,,,,,3.59999990463257,3.79999995231628,7.03000020980835
1,1,1,3,100,35,7,0,3,2,1,210,2,2,4,4,1,1,3,3,4,4,4,3,4,5,1,4,4,4,3,3,3,1,3,3,2,2,3,1,3,2,3,2,1,1,1,1,3,3,5,5,2,3,4,1,3,3,2,1,2.38461542129517,2,3,3,3.59999990463257,3.59999990463257,7.03000020980835
1,1,1,3,100,35,7,0,3,2,1,210,4,1,5,4,1,3,2,5,5,5,5,5,2,4,1,5,2,5,5,3,3,3,4,3,4,1,1,3,2,3,2,3,1,1,1,3,1,4,1,3,2,2,3,2,2,2,1,1,2.30769228935242,2.25,3.5,2,5,2.79999995231628,7.03000020980835
1,1,1,3,100,35,7,0,3,2,1,210,3,2,5,5,2,2,3,3,5,4,3,3,2,5,4,3,3,5,3,1,1,3,5,2,3,1,1,1,4,1,3,1,5,2,3,1,2,5,3,1,3,1,1,1,3,1,1,1,1.15384614467621,3.25,3,3.5,3.59999990463257,3.40000009536743,7.03000020980835
1,1,1,3,100,35,7,0,3,2,1,210,2,2,3,2,1,3,3,4,4,4,5,3,1,3,3,3,2,3,3,1,1,2,3,3,2,5,2,2,2,3,2,3,3,2,1,2,2,2,4,3,2,3,4,2,3,2,3,3,2.61538457870483,2.125,1.5,2.5,4,2.40000009536743,3.51999998092651
1,1,1,3,100,35,7,0,3,2,1,210,3,1,4,2,1,5,3,4,4,3,4,3,3,3,3,4,1,3,3,1,3,2,3,3,2,4,2,3,3,2,2,2,3,2,2,3,3,3,4,3,3,3,3,3,3,3,2,1,2.8461537361145,2.375,3,3,3.59999990463257,2.79999995231628,7.03000020980835
1,1,1,3,100,35,7,0,3,2,1,210,3,1,3,4,1,3,,4,4,4,4,4,4,4,4,4,4,3,3,2,4,2,2,4,2,4,2,4,4,2,4,4,4,2,1,5,5,2,5,5,2,2,2,2,2,2,2,,3.46153855323792,2.375,3,3,4,4,
1,1,1,3,100,35,7,0,3,2,1,210,3,1,4,3,1,5,4,4,4,4,4,4,4,4,4,5,5,3,3,,,,,,,4,2,4,4,2,4,4,4,2,1,5,5,2,3,5,3,,,,,,,1,,,,,4,4.40000009536743,7.03000020980835
1,1,1,3,100,35,7,0,3,2,1,210,1,1,4,2,1,3,1,4,4,5,1,3,3,2,1,2,2,2,3,1,5,5,5,1,5,5,5,5,5,5,5,5,5,5,5,5,3,4,5,5,5,5,5,5,5,5,5,1,4.53846168518066,5,4.5,5,3.40000009536743,2,7.03000020980835
1,1,1,3,100,35,7,0,3,2,1,210,1,2,4,5,1,5,3,3,4,3,4,3,3,4,3,2,2,1,3,3,1,2,3,3,3,4,2,2,5,2,2,3,2,2,2,2,3,2,3,4,3,3,3,2,5,2,3,1,2.61538457870483,2.375,1.5,5,3.40000009536743,2.79999995231628,7.03000020980835
1,1,1,3,100,35,7,0,3,2,1,210,3,2,4,4,1,3,3,4,4,2,3,3,3,3,3,3,3,3,2,2,3,2,3,2,3,2,2,2,3,2,2,4,2,2,2,2,3,4,3,4,3,2,3,2,3,2,2,1,2.46153855323792,2.375,3.5,3,3.20000004768372,3,7.03000020980835
1,1,1,3,100,35,7,0,3,2,1,210,1,1,5,5,1,1,3,3,4,5,4,5,5,5,3,5,2,4,4,3,2,1,2,3,1,4,1,1,2,2,1,5,1,1,1,5,4,3,5,1,3,1,2,1,4,2,4,1,2.69230771064758,1.375,2.5,3,4.19999980926514,4,7.03000020980835
1,1,1,3,100,35,7,0,3,2,1,210,2,2,3,3,1,3,4,4,4,3,2,1,1,1,2,1,1,2,2,2,2,1,2,3,1,3,1,1,2,1,1,3,1,1,1,3,4,3,3,3,1,2,3,1,2,1,2,1,2.23076915740967,1.125,2.5,2,2.79999995231628,1.20000004768372,7.03000020980835
1,1,1,3,100,35,7,0,3,2,1,210,2,1,4,3,1,5,4,5,5,5,4,4,5,4,4,4,4,4,4,2,4,2,3,4,2,4,2,4,3,3,3,4,3,3,3,3,4,2,5,3,2,3,3,2,3,3,4,6,3.46153855323792,2.5,3,3,4.59999990463257,4.19999980926514,
1,1,1,3,100,35,7,0,3,2,1,210,2,1,3,1,1,5,2,5,5,5,5,5,5,5,4,4,3,4,4,2,4,2,4,4,2,4,3,,,,,,,,,,,,,,,,,,,,,1,,,,,5,4.19999980926514,7.03000020980835
1,1,1,3,100,35,7,0,3,2,1,210,2,1,4,5,1,3,4,4,5,3,2,4,3,3,3,2,2,3,2,3,2,1,3,4,3,5,3,2,2,3,2,4,3,3,2,2,3,3,5,5,3,5,4,3,3,3,3,1,3.38461542129517,2.5,2.5,2.5,3.59999990463257,2.59999990463257,7.03000020980835
1,1,1,3,100,35,7,0,3,2,1,210,1,2,5,3,1,5,3,4,4,3,5,4,3,4,2,2,5,3,3,1,3,2,2,2,4,1,1,1,2,2,1,1,1,3,1,1,3,3,3,2,3,2,3,2,2,2,3,6,1.92307686805725,1.875,3,2,4,3.20000004768372,
1,1,1,3,100,35,7,0,3,2,1,210,2,1,4,2,1,1,4,5,5,4,4,4,4,4,3,4,3,4,4,2,4,1,3,3,3,4,3,4,4,3,1,5,3,2,1,4,3,5,5,5,3,3,2,3,3,4,3,3,3.69230771064758,2.25,4.5,3.5,4.40000009536743,3.59999990463257,3.51999998092651
1,1,1,3,100,35,7,0,3,2,1,210,4,2,2,5,2,1,4,5,5,4,4,4,4,3,3,3,4,4,4,3,4,2,4,4,5,4,5,2,5,5,4,2,2,4,5,4,4,4,5,5,4,5,5,4,4,4,5,6,4,3.875,4,4.5,4.40000009536743,3.40000009536743,
1,1,1,3,100,35,7,0,3,2,1,210,3,1,4,3,2,3,4,5,5,5,5,5,5,3,3,5,3,4,3,1,2,2,4,4,2,4,4,3,4,4,3,2,2,2,2,2,2,2,4,3,3,4,3,3,4,2,2,1,2.8461537361145,2.75,2,4,5,3.79999995231628,7.03000020980835
1,1,1,3,100,35,7,0,3,2,1,210,2,2,3,3,2,3,2,4,4,4,2,3,1,1,2,1,1,3,3,3,2,1,2,2,2,1,2,1,1,1,3,3,2,1,1,2,2,3,3,4,2,3,3,2,3,1,1,1,1.92307686805725,1.875,2.5,2,3.40000009536743,1.20000004768372,7.03000020980835
1,1,1,3,100,35,7,0,3,2,1,210,1,2,4,4,1,5,2,4,5,4,4,3,3,3,3,2,2,3,3,3,1,2,3,1,3,1,3,1,1,1,3,4,1,1,2,1,3,3,2,5,3,3,4,1,1,1,3,1,2,2.5,2,1,4,2.59999990463257,7.03000020980835
1,1,1,3,100,35,7,0,3,2,1,210,2,1,4,4,2,3,2,4,5,5,5,2,4,4,3,4,2,4,4,1,2,1,1,4,1,3,2,2,1,2,1,4,1,1,1,2,3,3,5,3,1,2,3,1,1,2,3,1,2.53846144676209,1.125,2.5,1,4.19999980926514,3.40000009536743,7.03000020980835
1,1,1,3,100,35,7,0,3,2,1,210,1,1,4,4,1,3,3,5,5,4,4,3,3,2,2,4,3,5,4,2,3,2,2,3,3,3,3,3,3,3,3,4,3,2,2,2,3,3,3,3,3,3,3,3,3,3,3,1,3,2.625,3,3,4.19999980926514,2.79999995231628,7.03000020980835
1,1,1,3,100,35,7,0,3,2,1,210,3,1,4,2,1,1,3,5,5,5,4,5,5,5,5,5,4,4,4,1,5,,1,5,1,,1,5,5,1,5,5,5,1,5,5,1,1,1,1,4,4,1,5,5,,,3,,,3,5,4.80000019073486,4.80000019073486,3.51999998092651
1,1,1,3,100,35,7,0,3,2,1,210,5,1,4,4,,5,2,4,5,4,4,4,4,4,2,4,4,4,4,2,2,1,2,2,4,2,2,2,2,3,2,3,2,2,2,3,3,3,3,3,3,3,3,3,3,3,3,1,2.69230771064758,2.25,2.5,2.5,4.19999980926514,3.59999990463257,7.03000020980835
1,1,1,3,100,35,7,0,3,2,1,210,1,2,3,5,1,3,3,5,5,4,2,4,2,2,3,2,1,3,4,2,2,1,1,4,1,2,1,2,5,1,2,1,1,1,1,1,2,1,5,5,1,1,4,1,5,1,1,4,1.84615385532379,1.125,1.5,5,4,2,5.15999984741211
1,1,1,3,100,35,7,0,3,2,1,210,3,2,4,4,1,1,2,5,5,5,5,5,3,3,1,5,4,4,3,1,2,1,2,3,1,1,2,1,1,2,1,3,1,1,1,1,5,3,3,3,2,1,3,3,2,1,5,1,2.38461542129517,1.375,2.5,1.5,5,3.20000004768372,7.03000020980835
1,1,1,3,100,35,7,0,3,2,1,210,1,2,4,5,1,5,4,5,5,5,5,5,3,3,3,3,4,5,4,2,2,1,2,2,2,2,3,1,2,2,2,3,2,2,2,2,4,2,5,2,2,2,4,1,4,2,2,1,2.07692313194275,2,2,3,5,3.20000004768372,7.03000020980835
1,1,1,3,100,35,7,0,3,2,1,210,2,2,5,4,1,3,3,4,5,5,4,2,1,4,3,4,2,1,1,1,1,1,2,1,1,1,1,1,1,1,1,3,1,1,1,1,3,3,5,3,1,1,3,1,3,1,1,1,1.46153843402863,1.125,2,2,4,2.79999995231628,7.03000020980835
1,1,1,3,100,35,7,0,3,2,1,210,2,1,3,4,1,3,5,1,1,1,1,1,1,1,5,1,1,1,1,1,1,5,5,1,5,1,5,5,5,5,5,5,5,5,5,5,5,5,5,5,5,5,5,5,5,5,5,1,4.07692289352417,5,3,5,1,1.79999995231628,7.03000020980835
1,1,1,3,100,35,7,0,3,2,1,210,3,1,4,4,2,5,2,4,5,4,4,4,3,2,,3,1,2,3,2,2,1,1,4,1,4,2,2,1,2,1,5,1,1,1,4,4,3,5,1,1,4,2,2,2,2,2,2,2.92307686805725,1.125,2.5,1.5,4.19999980926514,,4.17000007629395
1,1,1,3,100,35,7,0,3,2,1,210,1,2,4,3,5,6,4,4,5,4,2,4,3,3,3,4,1,3,2,2,4,1,1,4,2,3,3,2,3,3,1,3,1,3,1,3,2,3,5,5,1,3,5,1,3,2,1,2,2.76923084259033,1.375,3.5,3,3.79999995231628,2.79999995231628,4.17000007629395
1,1,1,3,100,35,7,0,3,2,1,210,3,2,4,3,2,3,4,3,5,5,3,3,2,2,1,3,1,4,4,2,1,3,5,3,3,5,3,1,3,3,3,1,3,2,3,1,3,3,5,3,3,2,4,1,3,1,1,1,2,3.25,2,3,3.79999995231628,1.79999995231628,7.03000020980835
1,1,1,3,100,35,7,0,3,2,1,210,2,2,4,4,1,5,2,5,5,4,5,3,4,3,3,4,1,3,4,1,1,1,2,2,2,1,2,1,1,2,1,1,1,1,1,1,2,3,2,3,2,3,3,2,2,1,2,1,1.69230771064758,1.5,2,1.5,4.40000009536743,3,7.03000020980835
1,1,1,3,100,35,7,0,3,2,1,210,1,1,4,4,1,1,5,5,5,5,5,4,3,4,3,4,3,5,5,5,1,2,3,4,3,5,3,3,1,3,1,1,2,2,1,3,3,5,5,3,3,3,3,3,2,2,2,1,2.76923084259033,2.25,3,1.5,4.80000019073486,3.40000009536743,7.03000020980835
1,1,1,3,100,35,7,0,3,2,1,210,1,1,4,3,2,1,2,5,5,5,5,4,3,4,3,3,2,5,5,3,2,1,3,3,2,2,1,2,2,2,2,5,2,2,1,1,2,5,2,4,1,3,3,1,4,1,4,1,2.46153855323792,1.625,3.5,3,4.80000019073486,3,7.03000020980835
1,1,1,3,100,35,7,0,3,2,1,210,1,1,3,4,1,1,3,4,4,4,4,4,1,2,2,3,3,3,4,2,2,2,3,2,3,2,3,2,2,3,1,2,1,2,2,3,3,3,4,4,3,3,3,3,3,3,3,6,2.69230771064758,2.25,2.5,2.5,4,2.20000004768372,
1,1,1,3,100,35,7,0,3,2,1,210,1,2,3,5,1,1,4,5,5,5,4,4,3,1,4,3,2,5,5,1,2,1,2,3,3,1,1,1,1,2,1,3,1,1,1,1,3,2,2,4,2,3,3,1,2,1,2,3,2.07692313194275,1.5,2,1.5,4.59999990463257,2.59999990463257,3.51999998092651
1,1,1,3,100,35,7,0,3,2,1,210,,1,3,3,1,1,2,4,4,4,4,4,4,4,4,4,4,5,4,,3,1,2,4,2,3,3,2,2,2,1,3,1,2,1,2,2,3,2,3,2,2,2,2,2,2,2,3,2.46153855323792,1.625,3,2,4,4,3.51999998092651
1,1,1,3,100,35,7,0,3,2,1,210,2,1,4,2,2,5,4,4,4,4,4,4,2,3,2,3,5,4,4,1,3,3,4,5,3,5,3,2,2,5,3,4,3,3,3,5,5,5,5,2,3,3,5,3,3,3,3,6,3.69230771064758,3.125,4,2.5,4,3,
1,1,1,3,100,35,7,0,3,2,1,210,1,1,4,3,1,1,3,4,5,4,4,4,3,4,3,4,3,4,3,3,4,2,3,5,3,4,3,3,4,3,2,5,2,2,4,4,5,4,5,4,3,4,4,4,4,4,5,1,4.1538462638855,2.75,4,4,4.19999980926514,3.40000009536743,7.03000020980835
1,1,1,3,100,35,7,0,3,2,1,210,4,1,4,5,1,3,5,4,4,5,4,5,3,4,3,4,4,4,4,2,2,1,2,3,3,5,1,4,2,2,1,4,1,1,1,2,3,2,5,4,2,2,3,2,3,3,4,4,3.07692313194275,1.5,2,2.5,4.40000009536743,3.59999990463257,5.15999984741211
1,4,2,2,100,39,1,1,3,1,2,9,5,1,5,4,1,3,4,4,5,4,4,5,5,5,5,4,4,3,3,2,2,1,3,3,3,4,3,2,3,3,1,1,1,1,1,3,3,4,5,4,3,3,3,3,3,3,3,1,2.8461537361145,2,3,3,4.40000009536743,4.59999990463257,7.03000020980835
1,4,1,3,100,30,12,12,3,1,1,35,,1,5,5,5,3,2,5,5,4,5,3,2,3,4,2,2,3,4,2,2,1,2,5,2,3,2,2,2,4,2,5,2,2,2,1,4,4,5,4,2,4,4,3,4,2,3,1,3.23076915740967,1.875,3,3,4.40000009536743,2.59999990463257,7.03000020980835
1,4,1,3,100,30,12,12,3,1,1,35,4,2,4,4,,1,3,4,4,4,4,4,2,2,4,3,2,3,3,3,1,2,2,2,3,2,2,2,1,2,2,4,2,2,3,2,3,4,2,3,3,2,3,3,2,2,1,1,2.23076915740967,2.375,2.5,1.5,4,2.59999990463257,7.03000020980835
1,4,1,3,100,30,12,12,3,1,1,35,4,2,3,2,5,5,3,4,4,4,4,4,2,3,4,3,3,3,4,2,3,1,2,4,2,2,2,2,2,3,2,3,2,2,1,2,3,3,3,3,3,3,2,3,2,3,2,1,2.76923084259033,1.875,3,2,4,3,7.03000020980835
1,4,1,3,100,30,12,12,3,1,1,35,3,1,5,4,1,5,3,5,5,5,4,4,3,4,3,3,4,4,4,3,3,1,4,3,3,4,1,2,3,2,1,3,2,1,2,1,2,4,5,3,2,3,4,2,5,2,3,6,2.53846144676209,2,3.5,4,4.59999990463257,3.40000009536743,
1,4,1,3,100,30,12,12,3,1,1,35,4,1,4,4,1,5,3,5,5,5,5,4,3,2,5,3,4,4,4,4,2,1,2,2,1,3,2,1,1,2,1,2,1,2,1,1,2,5,2,2,1,2,2,1,2,2,2,1,1.84615385532379,1.25,3.5,1.5,4.80000019073486,3.40000009536743,7.03000020980835
1,4,1,3,100,30,12,12,3,1,1,35,4,2,4,2,1,3,3,5,5,4,5,5,4,4,4,4,4,5,5,2,3,2,2,3,3,3,3,1,3,2,3,3,3,2,1,1,2,4,3,4,3,2,3,1,4,1,1,1,2.07692313194275,2.5,3.5,3.5,4.80000019073486,4,7.03000020980835
1,4,1,3,100,30,12,12,3,1,1,35,4,1,4,4,1,1,3,5,5,5,5,4,3,3,5,5,3,4,4,4,2,1,1,3,2,2,1,2,1,3,1,1,1,3,1,3,3,3,3,3,3,3,3,1,1,3,3,6,2.46153855323792,1.375,2.5,1,4.80000019073486,3.79999995231628,
1,4,1,3,100,30,12,12,3,1,1,35,2,2,5,5,1,1,2,5,5,5,4,4,4,4,4,5,4,4,4,2,4,1,3,3,2,3,2,2,3,3,2,3,2,2,3,2,4,3,4,3,3,3,3,2,3,2,3,1,2.8461537361145,2.25,3.5,3,4.59999990463257,4.19999980926514,7.03000020980835
1,4,1,3,100,30,12,12,3,1,1,35,4,2,4,4,3,3,2,4,3,4,4,4,3,2,,4,2,2,2,3,5,2,3,4,2,1,4,3,2,2,5,2,1,3,1,3,5,5,5,2,2,2,2,1,3,3,4,1,2.8461537361145,2.5,5,2.5,3.79999995231628,,7.03000020980835
1,1,1,1,100,19,16,3,3,1,1,55,1,2,5,3,1,1,4,4,4,4,4,3,2,4,4,4,2,3,4,2,2,2,3,3,2,2,4,3,4,2,2,5,3,3,4,2,3,2,3,5,3,4,4,2,4,3,4,1,3.07692313194275,2.875,2,4,3.79999995231628,3.20000004768372,7.03000020980835
1,1,1,1,100,19,16,3,3,1,1,55,1,2,4,3,1,3,4,2,2,2,1,4,2,4,4,1,1,1,1,1,2,3,4,2,3,1,4,2,4,3,3,1,3,2,3,1,3,5,5,4,3,1,5,1,4,2,3,1,2,3.25,3.5,4,2.20000004768372,2.40000009536743,7.03000020980835
1,1,1,1,100,19,16,3,3,1,1,55,3,1,3,3,5,5,1,1,1,1,1,1,1,1,4,1,1,1,1,2,3,4,3,2,1,5,4,1,4,3,2,4,3,5,5,1,3,2,3,4,3,2,1,2,3,4,5,6,3,3.125,2.5,3.5,1,1.60000002384186,
1,1,1,1,100,19,16,3,3,1,1,55,1,1,5,4,1,1,5,3,3,4,3,3,4,4,5,4,4,3,3,3,4,2,2,4,2,3,3,2,3,3,2,4,3,3,3,3,4,3,5,4,3,3,3,3,3,3,4,1,3.38461542129517,2.5,3.5,3,3.20000004768372,4.19999980926514,7.03000020980835
1,1,1,1,100,19,16,3,3,1,1,55,1,2,4,3,1,1,3,5,5,5,3,5,4,5,5,2,5,4,3,1,4,1,1,1,1,4,1,1,3,1,1,5,1,1,1,1,1,3,5,2,1,1,1,1,1,1,2,6,1.92307686805725,1,3.5,2,4.59999990463257,4.19999980926514,
1,1,1,1,100,19,16,3,3,1,1,55,1,2,5,5,1,3,4,4,3,3,4,1,1,1,2,2,1,1,2,2,1,3,4,2,4,4,3,1,5,2,4,4,4,3,3,1,2,5,5,4,4,3,5,1,5,2,1,1,2.1538462638855,3.625,3,5,3,1.39999997615814,7.03000020980835
1,1,1,1,100,19,16,3,3,1,1,55,1,2,5,4,1,5,4,4,5,5,5,3,4,5,,4,4,4,4,2,3,2,2,2,3,5,2,2,3,2,3,5,1,2,3,1,1,3,5,4,2,2,4,1,3,2,2,1,2.46153855323792,2.25,3,3,4.40000009536743,,7.03000020980835
1,1,1,1,100,19,16,3,3,1,1,55,4,1,3,4,1,4,1,5,4,3,2,1,1,2,2,4,2,3,3,2,2,1,1,1,1,1,1,1,1,1,1,1,1,1,1,2,3,4,5,3,1,1,2,1,1,2,1,1,1.53846156597137,1,3,1,3,2.20000004768372,7.03000020980835
1,1,1,1,100,19,16,3,3,1,1,55,1,1,4,3,1,1,4,3,4,4,3,3,3,3,3,2,5,3,2,3,1,1,2,4,2,2,2,2,3,3,2,3,2,2,1,3,3,4,4,3,2,3,3,2,2,2,2,1,2.53846144676209,1.75,2.5,2.5,3.40000009536743,3.20000004768372,7.03000020980835
1,1,1,1,100,19,16,3,3,1,1,55,2,1,5,3,1,3,3,3,4,4,4,4,3,2,3,3,3,3,3,3,2,2,4,4,3,4,3,3,3,3,3,3,2,3,4,3,3,3,5,4,3,4,3,3,3,3,3,1,3.23076915740967,3,2.5,3,3.79999995231628,2.79999995231628,7.03000020980835
1,1,1,1,100,19,16,3,3,1,1,55,1,1,4,5,1,5,3,4,4,4,4,2,4,4,3,2,4,3,4,2,2,2,2,3,2,3,2,2,2,3,2,2,2,2,1,2,3,3,5,2,2,2,4,2,2,2,2,1,2.30769228935242,1.875,2.5,2,3.59999990463257,3.40000009536743,7.03000020980835
1,1,1,1,100,19,16,3,3,1,1,55,3,1,3,2,1,3,4,5,5,5,5,5,5,5,4,4,4,5,4,5,3,2,5,3,3,5,3,4,4,2,2,4,2,3,1,3,4,4,5,5,3,4,3,3,4,3,3,1,3.53846144676209,2.625,3.5,4,5,4.40000009536743,7.03000020980835
1,1,1,1,100,19,16,3,3,1,1,55,2,1,3,2,1,3,4,5,5,5,5,5,5,5,5,4,5,4,4,4,3,1,4,3,2,4,2,2,3,2,3,5,2,1,3,2,2,5,3,4,2,2,3,2,3,2,2,1,2.69230771064758,2.375,4,3,5,4.80000019073486,7.03000020980835
1,1,1,1,100,19,16,3,3,1,1,55,1,2,4,4,1,3,2,5,5,5,4,4,4,4,4,4,4,4,4,4,2,2,2,2,2,1,2,1,1,2,1,3,2,2,2,2,2,2,3,2,2,2,3,2,3,2,2,1,1.92307686805725,1.875,2,2,4.59999990463257,4,7.03000020980835
1,1,1,3,100,32,11,9,3,1,2,128,1,1,4,1,3,1,3,5,5,5,4,4,3,5,3,3,4,4,3,3,2,1,4,3,2,,,,,,,,,,,,,,,,,,,,,,,1,,,,,4.59999990463257,3.59999990463257,7.03000020980835
1,1,1,3,100,32,11,9,3,1,2,128,4,1,4,4,2,5,2,5,5,5,5,5,4,5,4,4,3,4,4,2,2,2,2,3,2,3,3,2,3,2,2,2,3,3,,2,3,3,4,1,3,1,3,3,3,3,1,1,2.1538462638855,,2.5,3,5,4,7.03000020980835
1,1,1,3,100,32,11,9,3,1,2,128,1,1,4,1,2,3,,5,5,5,5,5,4,4,4,4,4,4,4,3,4,2,4,4,2,4,4,3,5,2,3,5,2,2,4,4,4,4,5,4,2,4,4,5,5,2,2,,3.61538457870483,2.875,4,5,5,4,
1,1,1,3,100,32,11,9,3,1,2,128,3,1,3,4,2,5,4,5,4,4,5,4,3,4,3,3,3,4,3,3,2,1,2,3,2,3,2,2,2,2,2,3,2,2,1,3,3,3,5,2,2,2,3,2,2,2,3,1,2.46153855323792,1.75,2.5,2,4.40000009536743,3.20000004768372,7.03000020980835
1,1,1,3,100,32,11,9,3,1,2,128,1,1,4,3,1,5,2,4,4,4,4,4,5,4,3,4,4,4,4,1,1,1,2,3,2,1,2,1,1,2,1,2,1,1,1,2,2,2,3,3,2,2,2,2,2,2,2,,1.92307686805725,1.5,1.5,1.5,4,4,
1,1,1,3,100,32,11,9,3,1,2,128,3,1,4,4,2,3,1,5,5,5,5,5,5,5,5,5,5,5,5,1,1,1,1,3,1,1,1,1,1,3,1,3,1,,,,,,1,1,1,1,1,1,1,1,1,1,,,,1,5,5,7.03000020980835
1,1,1,3,100,32,11,9,3,1,2,128,1,1,3,3,1,3,3,5,5,5,4,4,3,3,3,3,2,3,3,1,2,2,2,5,2,5,2,3,4,3,3,5,2,3,4,2,3,2,5,3,2,4,2,4,4,3,5,1,3.61538457870483,2.375,2,4,4.59999990463257,2.79999995231628,7.03000020980835
1,1,1,3,100,32,11,9,3,1,2,128,1,1,3,4,2,3,4,5,4,5,4,4,4,5,3,4,4,5,4,1,3,1,1,5,1,4,2,2,3,3,1,1,1,1,1,2,2,2,3,2,2,1,4,2,3,2,2,1,2.38461542129517,1.25,2.5,3,4.40000009536743,4,7.03000020980835
1,1,1,3,100,32,11,9,3,1,2,128,1,2,4,2,1,3,4,5,5,5,4,5,4,4,3,4,3,4,3,3,4,1,3,2,3,2,3,1,1,2,1,3,1,5,1,3,3,3,5,3,3,3,4,2,3,3,3,1,2.61538457870483,2,3.5,2,4.80000019073486,3.59999990463257,7.03000020980835
1,1,1,3,100,32,11,9,3,1,2,128,1,1,5,4,1,1,3,5,5,5,4,5,3,4,3,4,5,4,4,2,2,2,2,4,2,3,2,2,3,2,2,3,2,2,3,2,2,2,4,3,2,2,3,2,3,2,2,1,2.38461542129517,2.125,2,3,4.80000019073486,3.79999995231628,7.03000020980835
1,1,1,3,100,32,11,9,3,1,2,128,1,2,3,2,4,5,3,5,4,4,3,3,4,4,4,4,3,3,3,1,3,1,2,4,2,5,2,1,3,2,2,3,1,2,1,2,3,3,5,3,2,2,3,2,3,2,2,,2.61538457870483,1.625,3,3,3.79999995231628,3.79999995231628,
1,1,1,3,100,32,11,9,3,1,2,128,1,1,4,2,1,3,3,5,5,5,4,4,3,4,4,3,4,4,4,2,2,2,3,4,3,4,3,2,4,3,3,3,2,2,2,2,4,2,5,4,3,4,4,2,4,3,5,1,3.23076915740967,2.625,2,4,4.59999990463257,3.59999990463257,7.03000020980835
1,1,1,3,100,32,11,9,3,1,2,128,1,2,4,5,1,3,2,5,5,5,5,5,5,5,3,4,5,4,4,3,2,1,2,2,3,1,2,2,2,2,1,2,1,1,1,2,3,2,3,3,2,2,3,2,3,2,1,1,2,1.625,2,2.5,5,4.40000009536743,7.03000020980835
1,1,1,3,100,32,11,9,3,1,2,128,1,2,4,1,1,5,4,4,4,4,4,4,4,4,4,4,4,3,3,2,2,3,3,4,3,3,3,3,3,2,3,4,2,3,3,3,3,4,4,4,3,3,4,3,3,3,3,6,3.07692313194275,2.875,3,3,4,4,
1,1,1,3,100,32,11,9,3,1,2,128,1,1,4,2,4,1,4,5,5,5,5,4,3,4,3,3,3,4,3,2,4,2,2,4,2,5,3,2,2,2,4,5,4,3,2,3,3,3,5,3,3,3,3,3,3,3,3,3,3.30769228935242,2.75,3.5,2.5,4.80000019073486,3.20000004768372,3.51999998092651
1,1,1,3,100,32,11,9,3,1,2,128,2,1,3,1,1,3,5,5,5,5,4,4,4,4,4,5,3,3,4,3,4,2,3,3,3,5,3,3,3,3,3,3,3,3,3,3,3,3,5,3,3,3,3,3,3,3,3,1,3.23076915740967,2.875,3.5,3,4.59999990463257,4,7.03000020980835
1,1,1,3,100,32,11,9,3,1,2,128,1,2,3,4,1,1,3,5,5,5,5,4,3,4,4,2,4,3,3,2,1,1,2,5,1,3,2,1,3,1,1,4,1,1,1,2,2,2,3,2,1,1,2,1,3,1,2,3,2,1.25,1.5,3,4.80000019073486,3.40000009536743,3.51999998092651
1,1,1,3,100,32,11,9,3,1,2,128,1,2,3,1,3,3,2,4,5,5,4,4,4,3,3,4,4,4,3,2,2,3,4,4,4,4,2,1,2,4,3,4,2,3,4,2,3,3,3,3,2,2,5,1,3,2,2,1,2.61538457870483,3,2.5,2.5,4.40000009536743,3.59999990463257,7.03000020980835
1,1,1,3,100,32,11,9,3,1,2,128,2,1,4,3,1,3,4,5,5,4,4,4,3,4,3,4,4,4,3,4,2,2,4,4,3,1,4,1,4,1,2,4,3,2,3,1,3,5,1,2,4,2,4,3,4,2,3,1,2.23076915740967,3.125,3.5,4,4.40000009536743,3.59999990463257,7.03000020980835
1,1,1,3,100,32,11,9,3,1,2,128,2,2,5,5,2,1,4,5,5,5,2,5,4,5,,,5,4,4,,2,3,4,5,4,4,3,4,1,4,2,5,3,3,2,4,3,4,5,5,3,4,3,3,1,4,2,1,3.76923084259033,3,3,1,4.40000009536743,,7.03000020980835
1,1,1,3,100,32,11,9,3,1,2,128,1,1,4,2,1,1,3,5,5,5,4,4,4,4,3,3,3,4,4,2,3,2,3,3,3,4,3,3,3,3,2,4,2,2,2,3,3,3,3,4,3,3,3,3,3,3,3,3,3.23076915740967,2.5,3,3,4.59999990463257,3.40000009536743,3.51999998092651
1,1,1,3,100,32,11,9,3,1,2,128,1,2,5,5,2,2,4,5,5,5,5,5,5,5,3,5,5,4,4,3,2,3,4,3,3,5,4,2,4,2,2,4,2,2,2,2,2,5,4,4,3,3,4,2,5,4,4,1,3,2.875,3.5,4.5,5,4.59999990463257,7.03000020980835
1,1,1,3,100,32,11,9,3,1,2,128,2,2,3,3,1,1,3,4,4,4,4,4,3,5,3,2,2,3,2,3,1,1,2,4,2,4,2,1,1,2,1,4,1,1,1,2,2,3,3,4,2,2,3,1,2,2,2,3,2.38461542129517,1.5,2,1.5,4,3,3.51999998092651
1,1,1,3,100,32,11,9,3,1,2,128,1,2,3,3,3,1,3,5,4,4,4,4,3,4,3,3,4,3,3,3,3,2,3,4,2,3,2,2,3,2,2,4,2,2,3,2,2,3,5,4,2,2,3,2,3,2,3,1,2.69230771064758,2.25,3,3,4.19999980926514,3.40000009536743,7.03000020980835
1,1,1,3,100,32,11,9,3,1,2,128,2,2,4,2,1,1,,5,5,5,5,5,5,5,3,5,5,4,4,3,2,1,3,3,2,4,3,2,4,4,2,5,2,3,2,2,3,2,5,4,2,4,4,2,4,2,3,1,3.07692313194275,2.125,2,4,5,4.59999990463257,7.03000020980835
1,1,1,3,100,32,11,9,3,1,2,128,1,1,5,4,2,2,2,5,5,5,4,5,5,4,5,4,4,4,4,2,1,1,2,3,1,2,1,3,3,1,1,3,1,1,2,1,1,3,3,2,1,2,4,1,3,1,1,1,1.69230771064758,1.25,2,3,4.80000019073486,4.40000009536743,7.03000020980835
1,1,1,3,100,32,11,9,3,1,2,128,1,2,4,4,1,2,3,5,5,5,4,5,5,4,4,5,5,4,4,2,1,1,4,3,2,2,1,1,3,1,1,3,1,1,1,1,3,4,4,4,2,2,2,1,3,2,3,1,2.07692313194275,1.625,2.5,3,4.80000019073486,4.59999990463257,7.03000020980835
1,1,1,3,100,32,11,9,3,1,2,128,1,2,5,4,2,1,2,5,4,4,4,4,4,5,3,4,4,3,3,3,2,5,2,4,2,2,4,2,3,2,2,3,1,4,2,3,3,3,3,2,2,2,3,4,4,3,3,1,2.69230771064758,2.5,2.5,3.5,4.19999980926514,4,7.03000020980835
1,1,1,3,100,32,11,9,3,1,2,128,2,2,5,4,2,5,,5,5,5,5,5,5,5,5,5,5,5,4,1,1,2,3,3,3,2,3,3,4,2,3,3,2,1,2,2,3,2,3,5,2,3,5,2,3,2,1,1,2.46153855323792,2.5,1.5,3.5,5,5,7.03000020980835
1,1,1,3,100,32,11,9,3,1,2,128,1,1,4,5,2,3,4,5,5,5,5,5,3,5,3,3,4,4,4,3,2,3,5,3,5,3,4,3,1,3,4,5,3,3,4,3,3,5,5,5,4,5,4,3,5,3,4,1,3.46153855323792,4,3.5,3,5,3.59999990463257,7.03000020980835
1,1,1,3,100,32,11,9,3,1,2,128,1,2,4,4,1,1,3,5,5,5,5,5,5,5,5,5,5,5,4,1,2,2,2,2,2,4,3,2,3,3,3,3,3,2,3,2,3,5,4,5,2,3,3,3,3,3,3,1,2.92307686805725,2.5,3.5,3,5,5,7.03000020980835
1,1,1,3,100,32,11,9,3,1,2,128,2,1,3,1,3,1,3,5,5,5,5,5,4,4,3,4,3,4,3,2,3,2,3,3,3,3,3,2,3,3,3,4,3,2,3,3,3,3,5,4,3,3,5,3,3,3,3,1,3.07692313194275,2.875,3,3,5,3.59999990463257,7.03000020980835
1,1,1,3,100,32,11,9,3,1,2,128,1,2,4,5,1,3,2,5,5,5,4,5,5,5,4,4,4,4,3,1,1,1,2,3,3,1,1,2,1,3,1,3,1,2,3,3,3,2,4,4,3,3,2,2,4,4,3,4,2.69230771064758,1.875,1.5,2.5,4.80000019073486,4.40000009536743,5.15999984741211
1,1,1,3,100,32,11,9,3,1,2,128,1,2,4,5,2,1,3,5,5,5,5,5,4,4,4,4,4,4,3,3,2,1,2,2,1,2,1,1,2,2,1,2,2,1,1,2,3,2,4,3,2,1,2,1,2,2,2,1,1.92307686805725,1.375,2,2,5,4,7.03000020980835
1,1,1,3,100,32,11,9,3,1,2,128,1,2,4,3,1,6,2,5,5,5,4,5,4,4,4,4,4,4,5,3,2,1,2,3,2,2,2,2,2,2,2,3,2,1,1,1,2,3,2,2,2,1,2,2,2,2,1,1,1.92307686805725,1.75,2.5,2,4.80000019073486,4,7.03000020980835
1,1,2,4,100,48,17,7,3,1,2,45,1,2,2,3,1,3,3,3,3,3,2,2,2,3,3,3,2,2,3,3,2,3,3,3,3,3,3,3,4,3,3,3,4,2,2,3,2,4,4,4,3,4,4,3,4,3,2,1,2.92307686805725,3,3,4,2.59999990463257,2.59999990463257,7.03000020980835
1,1,2,4,100,48,17,7,3,1,2,45,2,2,4,3,5,3,4,4,4,4,4,4,3,5,4,4,2,3,3,2,2,2,3,5,3,4,3,2,2,3,2,3,2,2,1,2,4,4,5,4,3,2,4,2,2,2,3,6,2.92307686805725,2.375,3,2,4,3.59999990463257,
1,1,2,4,100,48,17,7,3,1,2,45,1,1,5,4,1,3,2,5,4,3,4,4,3,5,3,4,4,3,3,2,1,1,2,3,3,5,1,1,3,3,3,3,3,3,1,3,3,4,5,4,2,4,1,2,2,3,3,6,2.92307686805725,2,2.5,2.5,4,3.79999995231628,
1,1,2,4,100,48,17,7,3,1,2,45,1,1,4,4,1,1,5,5,5,5,5,4,5,4,5,4,5,3,3,5,2,2,3,4,3,5,3,4,1,3,1,2,4,2,2,3,2,5,5,1,3,3,3,3,3,3,3,1,2.92307686805725,2.625,3.5,2,4.80000019073486,4.59999990463257,7.03000020980835
1,1,2,4,100,48,17,7,3,1,2,45,3,2,5,2,1,1,4,4,4,4,4,4,4,4,,4,,3,3,3,4,2,3,3,3,3,3,3,2,3,2,4,3,3,3,3,3,3,4,3,3,3,3,3,3,3,3,4,3.1538462638855,2.75,3.5,2.5,4,,5.15999984741211
1,1,2,4,100,48,17,7,3,1,2,45,2,1,5,5,2,1,3,4,5,5,4,5,4,5,,4,5,4,3,4,1,1,2,3,1,1,2,2,1,1,1,2,2,1,2,1,1,5,3,1,1,1,2,1,1,1,,1,,1.5,3,1,4.59999990463257,,7.03000020980835
1,1,2,4,100,48,17,7,3,1,2,45,3,1,3,3,2,3,4,4,5,5,5,5,5,5,5,5,4,5,4,3,2,2,3,4,2,4,4,1,3,2,2,5,2,3,3,3,3,5,5,1,2,4,4,2,4,4,2,1,2.8461537361145,2.5,3.5,3.5,4.80000019073486,4.80000019073486,7.03000020980835
1,1,2,4,100,48,17,7,3,1,2,45,1,2,2,2,1,3,3,4,5,4,4,4,3,3,4,4,3,4,3,3,2,2,2,3,2,3,3,2,2,3,2,3,2,1,1,2,3,3,3,3,2,2,3,2,2,2,2,2,2.46153855323792,2,2.5,2,4.19999980926514,3.40000009536743,4.17000007629395
2,1,1,3,100,33,9,9,3,1,1,50,1,2,4,3,1,6,1,5,5,5,5,5,3,4,3,5,2,4,4,1,1,1,1,3,1,2,4,2,2,1,1,5,1,1,1,1,2,5,5,3,2,1,5,2,2,1,2,2,2,1.5,3,2,5,3.40000009536743,4.17000007629395
2,1,1,3,100,33,9,9,3,1,1,50,1,2,5,4,1,1,3,5,5,5,5,4,3,5,4,4,4,4,4,2,2,1,3,4,3,2,2,2,2,3,2,4,2,2,1,3,3,4,4,3,3,3,3,3,3,3,3,6,2.92307686805725,2.125,3,2.5,4.80000019073486,4,
2,1,1,3,100,33,9,9,3,1,1,50,4,1,5,2,1,1,4,5,5,5,5,5,3,3,4,3,,4,4,1,1,2,3,3,2,4,2,3,4,4,2,4,1,2,3,2,2,1,5,4,1,3,3,1,3,3,4,1,2.92307686805725,2,1,3.5,5,,7.03000020980835
2,1,1,3,100,33,9,9,3,1,1,50,2,1,5,2,1,5,5,4,4,4,4,4,3,4,4,4,4,3,3,2,2,1,3,5,3,4,3,1,3,3,2,5,2,3,2,3,3,2,5,3,3,4,3,3,4,3,4,1,3.30769228935242,2.375,2,3.5,4,3.79999995231628,7.03000020980835
2,1,1,3,100,33,9,9,3,1,1,50,2,2,4,5,1,6,3,4,4,5,5,4,3,4,3,4,4,3,4,2,2,1,1,4,1,3,1,1,1,1,1,1,1,1,1,1,2,2,2,1,1,1,3,1,1,1,1,1,1.53846156597137,1,2,1,4.40000009536743,3.59999990463257,7.03000020980835
2,1,1,3,100,33,9,9,3,1,1,50,3,2,5,4,1,6,4,5,5,5,5,5,4,4,3,3,5,4,5,3,1,2,2,3,3,2,4,1,3,3,2,3,3,3,2,2,3,5,5,5,3,5,3,2,3,3,3,1,2.76923084259033,2.625,3,3,5,3.79999995231628,7.03000020980835
2,1,1,3,100,33,9,9,3,1,1,50,3,2,4,3,1,1,3,5,5,5,5,5,4,4,5,5,4,4,5,2,2,2,2,5,2,4,3,3,2,2,2,4,2,2,2,2,4,2,3,4,2,3,4,2,2,2,2,1,3,2.125,2,2,5,4.40000009536743,7.03000020980835
2,1,1,3,100,33,9,9,3,1,1,50,3,1,4,3,3,1,4,4,5,5,5,5,3,3,3,3,2,3,4,1,3,1,3,4,2,3,3,2,3,2,2,5,2,3,2,2,3,3,4,4,2,4,3,2,3,2,4,1,3.07692313194275,2.125,3,3,4.80000019073486,2.79999995231628,7.03000020980835
2,1,1,3,100,33,9,9,3,1,1,50,2,2,5,4,2,5,2,5,5,5,5,5,2,3,4,4,2,4,3,2,1,1,1,4,1,2,1,1,1,1,1,1,1,1,1,1,1,4,1,4,1,4,2,1,4,1,1,1,1.76923072338104,1,2.5,2.5,5,3,7.03000020980835
2,1,1,3,100,33,9,9,3,1,1,50,2,1,4,2,5,3,3,4,4,4,1,4,1,2,1,2,2,1,3,2,1,1,1,2,1,4,1,1,1,1,1,5,1,1,1,1,1,1,5,5,1,1,1,1,1,1,1,4,1.92307686805725,1,1,1,3.40000009536743,1.60000002384186,5.15999984741211
2,1,1,3,100,33,9,9,3,1,1,50,4,1,3,2,3,3,2,4,4,4,4,4,3,5,,4,2,3,4,2,1,1,1,4,1,2,1,1,1,3,1,5,1,1,1,2,3,3,3,5,1,5,1,1,1,3,2,1,2.8461537361145,1,2,1,4,,7.03000020980835
2,1,1,3,100,33,9,9,3,1,1,50,1,2,4,3,3,5,4,4,4,5,5,4,4,2,5,3,4,4,4,2,2,1,1,4,1,4,1,1,3,2,2,3,1,1,1,1,2,1,2,2,1,1,2,1,1,1,1,1,1.92307686805725,1.125,1.5,2,4.40000009536743,3.59999990463257,7.03000020980835
2,1,1,3,100,33,9,9,3,1,1,50,2,1,4,3,3,1,3,5,5,5,5,5,4,3,5,4,5,5,5,3,1,1,2,1,1,4,1,1,1,3,1,5,1,3,1,1,3,3,3,3,1,1,3,1,1,1,,3,,1.125,2,1,5,4.19999980926514,3.51999998092651
2,1,1,3,100,33,9,9,3,1,1,50,3,2,4,4,3,3,,5,3,4,5,5,2,2,3,4,5,4,3,2,1,1,3,5,2,2,5,2,3,3,1,4,3,2,1,2,3,4,5,4,1,2,4,1,4,2,2,,2.53846144676209,2.125,2.5,3.5,4.40000009536743,3.20000004768372,
2,1,1,3,100,33,9,9,3,1,1,50,3,1,4,3,1,2,3,5,5,5,5,5,4,5,4,4,5,4,4,1,1,2,2,2,1,1,4,1,1,1,2,2,1,1,2,1,1,3,5,1,1,1,4,1,1,1,1,1,1.15384614467621,1.875,2,1,5,4.40000009536743,7.03000020980835
1,1,1,2,100,29,1,1,3,2,2,44,4,2,4,3,5,1,4,4,4,4,2,3,3,4,,4,2,2,4,2,2,1,2,4,2,1,2,1,1,2,3,3,1,1,1,1,1,3,3,4,2,2,5,2,2,2,3,1,2.1538462638855,1.75,2.5,1.5,3.40000009536743,,7.03000020980835
1,1,1,2,100,29,1,1,3,2,2,44,4,1,4,4,2,1,4,5,5,5,5,5,4,5,3,4,4,4,4,1,4,2,3,4,1,5,3,3,5,2,2,5,3,3,2,2,5,1,5,2,2,2,4,2,3,3,2,1,3.1538462638855,2.25,2.5,4,5,4,7.03000020980835
1,1,1,2,100,29,1,1,3,2,2,44,2,1,3,3,1,1,1,4,4,4,4,4,3,4,4,4,3,4,4,2,3,2,2,4,2,5,3,3,3,2,2,4,1,1,1,2,3,4,5,5,2,4,3,3,3,2,5,3,3.46153855323792,1.875,3.5,3,4,3.59999990463257,3.51999998092651
1,1,1,2,100,29,1,1,3,2,2,44,3,1,2,5,3,6,2,4,2,2,4,4,2,4,3,4,3,2,4,2,5,2,3,2,2,4,1,2,2,4,2,2,2,2,3,4,4,3,3,4,4,2,2,2,1,2,4,4,3.1538462638855,2.375,4,1.5,3.20000004768372,3.20000004768372,5.15999984741211
1,1,1,2,100,29,1,1,3,2,2,44,3,2,4,2,1,3,3,5,5,4,4,3,4,4,3,4,3,4,4,4,2,2,2,4,3,4,4,1,4,1,3,4,3,2,1,2,3,3,4,2,2,2,4,2,4,2,3,1,2.46153855323792,2.5,2.5,4,4.19999980926514,3.59999990463257,7.03000020980835
1,1,1,2,100,29,1,1,3,2,2,44,4,2,3,2,1,3,3,4,4,4,4,4,4,4,3,4,3,3,4,3,2,2,3,3,3,3,3,2,4,2,2,3,2,3,3,2,3,3,4,4,3,3,3,2,3,2,2,1,2.53846144676209,2.625,2.5,3.5,4,3.59999990463257,7.03000020980835
1,1,1,2,100,29,1,1,3,2,2,44,3,2,2,3,1,1,3,4,4,3,4,3,3,4,3,2,4,4,4,2,4,1,2,5,2,5,2,3,3,4,2,5,1,1,3,3,5,4,5,5,1,5,4,1,3,2,4,1,3.92307686805725,1.75,4,3,3.59999990463257,3.20000004768372,7.03000020980835
1,1,1,2,100,29,1,1,3,2,2,44,5,1,5,5,,4,3,5,5,5,4,5,4,4,3,5,3,4,4,4,3,3,2,3,1,3,1,4,4,3,3,3,3,5,4,3,3,4,5,3,4,2,3,3,3,3,4,1,3.07692313194275,2.625,3.5,3.5,4.80000019073486,3.79999995231628,7.03000020980835
1,1,1,2,100,29,1,1,3,2,2,44,2,2,4,4,1,3,4,2,5,2,4,2,3,3,3,2,2,1,4,3,2,2,2,5,1,2,2,2,3,2,2,5,1,2,2,2,3,4,2,1,4,5,5,1,2,1,1,1,2.46153855323792,2,3,2.5,3,2.59999990463257,7.03000020980835
1,1,1,2,100,29,1,1,3,2,2,44,3,2,4,4,1,3,3,4,5,4,5,4,4,4,3,4,4,3,4,1,2,1,2,4,2,4,2,1,4,1,2,2,1,1,2,2,4,1,5,3,1,1,4,1,4,1,3,1,2.23076915740967,1.625,1.5,4,4.40000009536743,3.79999995231628,7.03000020980835
1,1,1,2,100,29,1,1,3,2,2,44,2,1,4,4,1,1,2,4,4,4,4,4,4,4,4,4,2,4,4,1,1,1,2,4,2,2,3,2,2,3,2,4,1,2,1,2,3,3,3,2,3,3,4,2,4,2,2,,2.46153855323792,1.875,2,3,4,3.59999990463257,
1,1,1,4,100,41,14,14,3,1,1,35,2,2,4,3,1,3,2,5,5,5,5,5,4,5,4,4,4,4,5,3,1,1,1,1,1,1,1,1,1,1,1,2,1,1,1,1,1,1,1,2,1,2,2,1,1,1,1,1,1.23076927661896,1,1,1,5,4.19999980926514,7.03000020980835
1,1,1,4,100,41,14,14,3,1,1,35,1,1,4,4,1,1,3,4,4,3,2,2,2,4,3,2,3,3,3,2,2,2,3,4,3,3,4,2,5,2,3,5,2,2,3,2,4,3,5,5,3,5,4,2,5,3,4,1,3.30769228935242,2.875,2.5,5,3,2.79999995231628,7.03000020980835
1,1,1,4,100,41,14,14,3,1,1,35,2,1,3,3,2,1,4,5,5,5,5,4,4,4,4,4,3,3,2,1,4,1,2,3,1,3,1,1,1,1,1,3,1,1,1,3,4,1,3,1,3,1,3,3,3,1,3,,2.38461542129517,1.375,2.5,2,4.80000019073486,3.79999995231628,
1,1,1,4,100,41,14,14,3,1,1,35,2,2,4,2,1,3,2,5,4,5,5,5,5,5,4,3,4,4,5,2,1,1,2,3,1,3,2,1,1,1,2,5,2,2,3,2,3,1,5,3,3,2,3,3,2,2,3,1,2.46153855323792,2,1,1.5,4.80000019073486,4.19999980926514,7.03000020980835
1,1,1,4,100,41,14,14,3,1,1,35,1,1,4,3,1,3,3,5,5,4,5,4,4,3,3,4,4,4,4,4,3,2,2,4,3,4,3,2,3,2,2,5,2,2,2,2,4,5,5,3,2,2,4,2,4,2,3,1,2.92307686805725,2.25,4,3.5,4.59999990463257,3.59999990463257,7.03000020980835
1,1,1,4,100,41,14,14,3,1,1,35,1,2,5,3,1,3,2,5,5,5,4,4,5,5,5,5,5,4,4,2,2,1,2,5,1,3,2,4,3,4,2,5,1,3,1,3,2,3,5,4,2,4,3,3,5,2,3,1,3.38461542129517,1.5,2.5,4,4.59999990463257,5,7.03000020980835
1,1,1,4,100,41,14,14,3,1,1,35,1,1,5,5,1,3,4,5,5,4,3,4,3,4,3,4,4,3,3,2,1,1,1,3,2,3,1,2,1,2,1,1,1,3,1,1,2,2,2,5,1,4,1,1,1,1,2,1,2.1538462638855,1.125,1.5,1,4.19999980926514,3.59999990463257,7.03000020980835
1,1,1,4,100,41,14,14,3,1,1,35,2,1,5,5,2,5,2,5,5,5,5,5,5,5,3,5,5,5,4,5,1,2,4,4,3,4,2,3,5,2,2,5,3,1,3,1,2,5,4,4,4,5,4,1,3,1,3,1,2.76923084259033,2.875,3,4,5,4.59999990463257,7.03000020980835
2,1,1,1,100,34,,1,2,1,2,27,2,1,4,5,1,3,4,4,4,4,5,5,4,4,4,4,3,3,3,3,2,2,2,3,4,3,5,3,2,4,3,2,3,2,2,3,3,4,4,3,2,3,5,2,3,3,2,1,2.76923084259033,2.875,3,2.5,4.40000009536743,3.79999995231628,7.03000020980835
2,1,1,1,100,34,,1,2,1,2,27,2,1,5,5,1,5,1,5,5,3,5,4,4,3,4,3,5,3,4,2,1,1,3,3,3,2,3,1,1,3,2,3,1,1,1,3,4,5,3,5,3,5,3,3,3,3,2,1,2.92307686805725,2.125,3,2,4.40000009536743,3.79999995231628,7.03000020980835
2,1,1,1,100,34,,1,2,1,2,27,3,1,2,5,3,5,4,5,5,5,5,5,3,2,5,4,4,3,3,4,1,1,2,4,2,3,2,2,2,3,1,2,1,2,1,3,3,3,3,3,3,3,3,3,3,3,2,1,2.69230771064758,1.625,2,2.5,5,3.59999990463257,7.03000020980835
2,1,1,1,100,34,,1,2,1,2,27,5,1,5,2,1,3,5,5,5,5,5,5,5,5,5,4,5,5,4,5,1,1,3,3,3,3,3,2,1,3,1,3,1,1,1,4,3,5,3,3,3,3,1,3,3,4,3,,2.92307686805725,2,3,2,5,4.80000019073486,
2,1,1,1,100,34,,1,2,1,2,27,2,2,4,4,1,1,3,5,4,4,4,4,3,4,4,3,3,4,4,2,1,1,2,1,2,1,2,1,1,1,1,1,1,1,1,1,3,3,3,3,2,2,2,1,2,2,1,1,1.46153843402863,1.5,2,1.5,4.19999980926514,3.40000009536743,7.03000020980835
2,1,1,1,100,34,,1,2,1,2,27,4,1,3,4,1,5,4,5,5,5,4,4,3,4,4,4,3,4,4,3,2,2,3,5,3,4,3,3,4,3,2,5,2,3,3,3,3,3,5,5,3,4,3,3,4,3,4,1,3.61538457870483,2.625,2.5,4,4.59999990463257,3.59999990463257,7.03000020980835
2,1,1,1,100,34,,1,2,1,2,27,2,1,4,4,1,2,3,5,4,4,4,3,2,1,4,4,1,2,3,4,4,4,5,1,4,5,3,3,4,4,3,5,3,3,4,3,3,4,4,4,3,4,4,3,4,3,3,1,3.46153855323792,3.625,4,4,4,2.40000009536743,7.03000020980835
1,2,1,3,100,31,12,8,3,1,2,18,4,2,5,4,1,1,,5,5,5,5,5,5,5,5,5,5,5,5,1,3,1,2,2,2,2,4,1,3,1,2,3,2,1,2,1,3,3,3,4,1,2,3,1,3,2,1,,2,2,3,3,5,5,
1,2,1,3,100,31,12,8,3,1,2,18,3,2,5,4,1,1,3,5,5,5,5,5,5,5,5,5,3,5,4,1,2,2,3,2,3,4,3,4,2,3,2,4,2,1,3,3,2,2,5,4,3,4,4,3,3,3,4,1,3.23076915740967,2.625,2,2.5,5,4.59999990463257,7.03000020980835
1,2,1,3,100,31,12,8,3,1,2,18,3,2,5,2,1,3,4,5,5,5,5,5,5,5,3,5,5,4,5,1,2,1,2,2,2,2,2,1,2,1,2,4,2,1,1,4,3,1,5,4,2,4,5,1,3,2,1,1,2.38461542129517,1.75,1.5,2.5,5,4.59999990463257,7.03000020980835
1,2,1,3,100,31,12,8,3,1,2,18,4,1,5,2,3,3,3,4,5,5,4,5,4,4,3,4,4,4,4,3,4,2,4,5,2,4,4,4,5,2,4,5,4,3,4,4,4,3,5,4,4,5,5,3,4,3,4,1,3.92307686805725,3.5,3.5,4.5,4.59999990463257,3.79999995231628,7.03000020980835
1,2,1,3,100,31,12,8,3,1,2,18,3,2,5,5,1,5,2,4,5,5,4,5,5,5,3,4,4,4,5,3,1,1,1,2,1,1,3,1,1,1,1,3,1,1,1,2,2,3,2,2,1,1,3,1,2,2,1,1,1.53846156597137,1.25,2,1.5,4.59999990463257,4.19999980926514,7.03000020980835
1,2,1,3,100,31,12,8,3,1,2,18,3,2,5,3,1,3,4,4,5,5,5,5,5,5,5,4,4,5,5,2,3,3,3,4,2,4,3,2,4,2,3,3,2,2,3,4,4,4,5,3,2,2,4,2,1,2,4,1,3,2.625,3.5,2.5,4.80000019073486,4.59999990463257,7.03000020980835
1,2,1,3,100,31,12,8,3,1,2,18,3,1,5,3,1,1,3,5,5,5,5,5,3,5,4,5,4,4,5,3,5,2,4,2,4,4,4,2,5,2,3,2,3,2,4,2,2,4,5,3,4,4,4,4,4,2,1,1,2.69230771064758,3.5,4.5,4.5,5,4.19999980926514,7.03000020980835
1,3,2,1,100,21,7,7,3,1,2,21,1,2,5,2,1,3,3,4,4,5,5,4,5,5,4,4,4,4,4,1,4,1,2,3,2,5,2,4,3,2,3,4,3,2,3,3,3,3,5,3,1,3,3,3,3,3,2,1,3.23076915740967,2.125,3.5,3,4.40000009536743,4.40000009536743,7.03000020980835
1,3,2,1,100,21,7,7,3,1,2,21,2,1,5,5,1,5,1,5,4,5,3,4,5,5,5,3,5,5,5,2,4,1,2,5,1,5,2,5,3,3,3,5,4,1,4,1,1,1,2,1,2,3,1,3,2,1,2,,3,2.375,2.5,2.5,4.19999980926514,4.59999990463257,
1,3,2,1,100,21,7,7,3,1,2,21,4,2,5,5,1,3,4,4,4,4,4,4,5,4,4,4,4,3,3,2,2,2,2,4,2,4,2,2,3,3,2,2,2,2,1,3,2,4,5,4,2,3,3,2,3,4,2,1,2.8461537361145,1.875,3,3,4,4.19999980926514,7.03000020980835
1,3,2,1,100,21,7,7,3,1,2,21,1,2,4,1,5,3,2,4,4,3,4,3,5,4,3,3,4,3,3,2,2,1,2,2,2,2,3,1,1,1,1,5,1,1,1,2,4,3,2,4,2,4,3,2,2,2,2,2,2.53846144676209,1.625,2.5,1.5,3.59999990463257,3.79999995231628,4.17000007629395
1,5,1,4,100,41,10,10,3,1,1,43,5,2,5,5,1,3,2,5,5,5,5,5,4,5,4,5,3,5,3,2,1,1,2,3,2,1,2,2,3,1,1,3,1,2,2,1,1,4,3,2,1,2,2,1,4,1,1,1,1.53846156597137,1.5,2.5,3.5,5,4.19999980926514,7.03000020980835
1,5,1,4,100,41,10,10,3,1,1,43,4,2,4,3,1,1,4,4,4,4,4,4,3,2,3,2,2,2,3,2,1,2,2,3,2,3,2,1,2,1,2,3,1,1,3,1,2,2,3,5,2,3,5,1,3,1,1,1,2,2,1.5,2.5,4,2.40000009536743,7.03000020980835
1,5,1,4,100,41,10,10,3,1,1,43,4,2,5,4,1,1,3,4,4,4,4,4,4,4,3,4,4,3,3,2,2,1,1,2,2,1,3,2,2,2,2,3,2,2,2,2,3,4,4,3,2,2,3,2,2,2,1,1,2.07692313194275,1.875,3,2,4,3.79999995231628,7.03000020980835
1,5,1,4,100,41,10,10,3,1,1,43,4,2,4,4,1,3,2,5,5,5,5,5,5,5,4,5,4,5,4,2,1,1,1,2,1,3,2,1,1,1,1,4,1,1,1,2,4,2,5,3,1,2,2,1,2,2,2,1,2.1538462638855,1.125,1.5,1.5,5,4.59999990463257,7.03000020980835
1,5,1,4,100,41,10,10,3,1,1,43,4,2,4,3,1,1,3,5,5,5,5,5,4,4,4,4,3,4,3,2,2,2,3,4,2,3,3,3,3,2,2,4,2,2,2,2,2,3,5,4,2,4,4,2,3,2,3,1,2.8461537361145,2.25,2.5,3,5,3.79999995231628,7.03000020980835
1,5,1,4,100,41,10,10,3,1,1,43,4,2,4,5,1,1,4,5,5,5,5,5,4,4,4,4,4,4,3,3,2,2,2,4,2,2,2,1,3,3,2,2,1,2,2,3,3,3,5,3,3,2,3,1,3,3,2,1,2.38461542129517,2,2.5,3,5,4,7.03000020980835
1,5,1,4,100,41,10,10,3,1,1,43,5,1,3,2,1,3,5,4,3,4,5,4,4,3,3,3,4,2,2,4,1,3,4,4,5,2,4,1,4,4,2,1,3,5,5,5,4,4,3,2,3,2,4,2,4,4,4,,2.76923084259033,3.625,2.5,4,4,3.40000009536743,
1,5,1,4,100,41,10,10,3,1,1,43,4,1,5,5,1,1,2,4,4,4,4,4,3,4,3,4,3,4,3,3,2,2,3,3,2,2,3,2,2,2,2,5,2,2,2,2,2,2,4,2,2,2,4,2,2,2,1,1,2.23076915740967,2.25,2,2,4,3.40000009536743,7.03000020980835
1,5,1,4,100,41,10,10,3,1,1,43,4,2,4,4,1,6,4,5,5,5,5,5,5,4,5,5,4,4,3,3,1,1,2,1,2,2,1,1,2,1,1,3,1,1,1,1,1,4,3,4,2,1,1,1,2,1,1,1,1.46153843402863,1.375,2.5,2,5,4.59999990463257,7.03000020980835
2,1,1,2,100,28,1,1,3,1,2,13,5,1,5,5,1,5,2,5,5,5,5,4,4,4,3,4,3,4,3,2,2,1,2,2,3,3,3,3,2,3,2,3,2,3,2,3,3,3,3,4,3,3,3,3,3,3,3,1,2.92307686805725,2.25,2.5,2.5,4.80000019073486,3.59999990463257,7.03000020980835
2,1,1,2,100,28,1,1,3,1,2,13,5,2,5,5,2,3,2,4,5,5,5,4,5,5,3,4,4,4,4,2,1,2,3,1,3,2,2,2,3,2,2,5,1,1,1,3,2,2,3,3,3,2,2,2,3,3,1,1,2.23076915740967,2.125,1.5,3,4.59999990463257,4.19999980926514,7.03000020980835
2,1,1,2,100,28,1,1,3,1,2,13,5,2,4,4,1,3,2,5,5,5,5,5,5,5,5,5,5,5,3,3,2,2,2,1,2,2,1,1,3,2,1,2,1,1,2,2,2,2,3,2,2,2,3,2,3,2,2,1,1.84615385532379,1.625,2,3,5,5,7.03000020980835
1,1,2,4,100,52,28,28,3,1,1,6,4,2,5,4,1,1,2,4,4,4,4,4,3,3,4,3,4,3,4,2,1,1,1,1,1,2,1,1,1,1,1,1,1,,,,,,1,1,1,1,1,1,1,1,1,1,,,,1,4,3.40000009536743,7.03000020980835
1,1,2,4,100,52,28,28,3,1,1,6,3,2,4,4,1,3,3,5,5,5,5,5,5,5,5,5,4,4,5,1,1,5,2,3,2,3,2,1,1,2,1,3,1,1,1,1,1,3,5,3,2,3,1,1,1,1,2,1,1.92307686805725,2,2,1,5,4.80000019073486,7.03000020980835
1,3,2,1,50,16,,,4,1,2,35,2,2,4,3,1,3,3,4,3,3,4,4,4,4,4,4,4,3,4,1,2,1,2,5,2,5,3,1,3,3,3,5,1,1,1,1,3,3,5,4,1,3,3,1,3,1,3,1,2.8461537361145,1.75,2.5,3,3.59999990463257,4,7.03000020980835
1,3,2,1,50,16,,,4,1,2,35,1,2,4,5,1,3,3,3,4,4,2,2,1,5,1,2,1,3,2,2,1,2,2,2,4,1,1,1,2,1,2,4,3,1,3,1,2,2,2,1,2,1,5,1,2,1,1,1,1.38461542129517,2.375,1.5,2,3,2,7.03000020980835
1,3,2,1,50,16,,,4,1,2,35,2,1,3,2,2,5,3,3,3,3,4,2,1,1,3,2,2,2,3,2,2,1,1,3,1,2,2,3,1,3,1,3,1,1,1,1,1,5,1,3,1,3,3,1,1,1,1,1,2.07692313194275,1.125,3.5,1,3,1.79999995231628,7.03000020980835
1,3,2,1,50,16,,,4,1,2,35,1,2,5,5,1,1,3,3,3,3,4,4,4,4,4,3,4,4,4,3,1,1,1,3,1,2,1,1,1,1,1,5,1,1,2,1,2,2,1,3,1,2,1,1,1,1,4,6,2.07692313194275,1.125,1.5,1,3.40000009536743,3.79999995231628,
1,3,2,1,50,16,,,4,1,2,35,4,2,5,4,1,5,3,4,3,5,5,4,4,5,4,5,5,3,3,3,1,2,2,5,2,1,3,1,3,3,2,5,1,2,3,1,3,3,2,3,2,2,3,2,3,1,1,1,2.23076915740967,2.125,2,3,4.19999980926514,4.59999990463257,7.03000020980835
1,3,2,1,50,16,,,4,1,2,35,2,2,4,4,4,3,3,4,4,4,3,3,5,5,4,4,4,4,3,3,1,2,3,4,3,2,3,2,3,3,2,3,2,2,2,3,3,3,3,4,3,2,3,2,4,3,3,1,2.69230771064758,2.5,2,3.5,3.59999990463257,4.40000009536743,7.03000020980835
1,3,2,1,50,16,,,4,1,2,35,2,2,4,5,2,3,1,3,3,3,3,2,3,2,2,3,3,2,3,4,1,1,2,3,3,2,3,2,4,4,2,2,4,5,2,3,3,3,3,3,3,3,3,3,3,3,,1,,2.5,2,3.5,2.79999995231628,2.59999990463257,7.03000020980835
1,3,2,1,50,16,,,4,1,2,35,4,2,4,1,1,1,2,3,3,4,4,3,4,3,3,2,3,3,3,1,1,1,2,3,1,3,2,1,1,1,1,3,1,1,1,2,3,3,3,4,2,2,3,3,2,2,3,2,2.38461542129517,1.375,2,1.5,3.40000009536743,3,4.17000007629395
1,3,2,1,50,16,,,4,1,2,35,3,1,3,2,1,3,4,4,4,4,4,2,2,3,2,3,2,1,3,1,4,1,2,4,1,4,4,3,,,,,,,,,,,,,,,,,,,,1,,,,,3.59999990463257,2.40000009536743,7.03000020980835
1,3,2,1,50,16,,,4,1,2,35,1,2,5,5,2,2,3,3,2,4,4,3,3,4,4,3,4,2,3,3,3,1,3,3,3,3,3,2,3,3,3,3,2,2,3,3,2,3,3,3,3,2,3,2,4,2,2,1,2.53846144676209,2.625,3,3.5,3.20000004768372,3.59999990463257,7.03000020980835
2,1,1,4,100,39,15,15,3,1,1,41,5,1,4,5,2,3,4,5,5,5,5,5,5,5,5,4,5,5,5,5,1,1,3,4,2,2,3,1,4,1,1,4,1,1,1,3,3,5,4,4,1,2,2,1,5,3,2,1,2.38461542129517,1.625,3,4.5,5,4.80000019073486,7.03000020980835
2,1,1,4,100,39,15,15,3,1,1,41,1,2,4,4,1,1,2,5,5,5,4,5,2,4,2,4,4,4,4,,1,1,2,4,2,4,2,1,1,2,1,5,1,1,1,1,2,2,5,5,1,1,1,1,2,1,2,5,2.30769228935242,1.375,1.5,1.5,4.80000019073486,3.20000004768372,4.26999998092651
2,1,1,4,100,39,15,15,3,1,1,41,3,2,4,3,1,3,4,5,5,5,5,4,4,4,3,4,4,4,4,,1,1,1,4,2,5,2,1,4,2,,4,2,,1,,1,5,5,4,2,4,2,,4,4,5,1,,,3,4,4.80000019073486,3.79999995231628,7.03000020980835
2,1,1,4,100,39,15,15,3,1,1,41,1,2,4,4,2,3,2,5,5,5,5,4,4,4,4,3,3,4,3,2,1,1,1,1,1,2,2,1,2,2,1,3,1,1,1,1,2,3,3,3,2,2,3,2,2,2,2,1,1.84615385532379,1.25,2,2,4.80000019073486,3.59999990463257,7.03000020980835
2,1,1,4,100,39,15,15,3,1,1,41,2,1,4,2,3,1,3,5,5,5,4,4,5,5,4,5,4,5,3,2,4,1,2,4,2,3,3,2,1,3,1,3,2,1,1,3,4,3,5,4,3,3,3,3,2,3,3,,3.23076915740967,1.875,3.5,1.5,4.59999990463257,4.59999990463257,
2,1,1,4,100,39,15,15,3,1,1,41,1,2,2,1,1,3,4,5,5,5,5,5,5,3,4,4,4,5,3,4,2,1,3,3,3,4,2,2,2,4,1,5,1,2,1,2,4,5,5,4,3,4,3,3,3,3,4,1,3.38461542129517,1.875,3.5,2.5,5,4,7.03000020980835
2,1,1,4,100,39,15,15,3,1,1,41,1,2,3,1,1,5,2,5,5,5,5,4,4,5,4,5,5,5,,2,2,1,1,3,,5,2,3,1,3,3,1,1,3,3,3,3,3,3,3,3,3,3,3,3,3,3,3,2.92307686805725,,2.5,2,4.80000019073486,4.59999990463257,3.51999998092651
2,1,1,4,100,39,15,15,3,1,1,41,3,2,5,4,1,3,3,4,5,4,4,4,3,4,3,4,3,3,4,2,1,1,2,3,2,3,2,1,1,2,1,4,1,2,2,1,1,3,4,4,2,2,3,1,1,2,3,1,2.1538462638855,1.625,2,1,4.19999980926514,3.40000009536743,7.03000020980835
2,1,1,4,100,39,15,15,3,1,1,41,3,2,2,3,2,5,2,4,4,4,3,3,2,2,3,3,3,4,4,1,2,1,2,1,1,1,2,1,1,5,1,1,1,1,1,1,3,1,3,5,1,5,1,1,1,1,1,6,2.1538462638855,1.25,1.5,1,3.59999990463257,2.59999990463257,
2,1,1,4,100,39,15,15,3,1,1,41,3,2,5,5,2,3,3,5,5,5,5,5,4,3,3,2,3,4,4,3,1,1,3,1,2,1,3,1,2,2,1,1,1,1,1,2,3,5,3,3,3,3,3,3,3,3,3,1,2.07692313194275,1.875,3,2.5,5,3,7.03000020980835
2,1,1,4,100,39,15,15,3,1,1,41,3,1,4,4,5,1,4,5,5,4,4,4,4,4,3,3,4,4,4,2,3,3,3,4,2,3,2,2,2,3,3,5,2,2,3,3,4,2,5,4,2,3,3,3,3,3,3,1,3.30769228935242,2.5,2.5,2.5,4.40000009536743,3.59999990463257,7.03000020980835
2,1,1,4,100,39,15,15,3,1,1,41,1,2,2,2,1,1,3,5,5,5,5,5,4,5,5,5,5,5,4,1,3,1,1,4,1,3,3,2,3,3,3,1,1,1,1,1,3,3,5,3,1,3,4,1,4,1,1,1,2.23076915740967,1.5,3,3.5,5,4.80000019073486,7.03000020980835
2,1,1,4,100,39,15,15,3,1,1,41,1,2,4,3,1,1,2,5,5,5,5,5,5,5,4,3,5,4,4,2,2,2,2,3,2,3,2,2,3,3,2,3,3,2,3,3,3,2,4,4,3,3,3,2,3,3,3,4,2.8461537361145,2.375,2,3,5,4.40000009536743,5.15999984741211
1,3,2,1,100,21,7,7,3,1,2,9,3,2,5,3,3,3,1,4,4,4,4,4,2,4,4,3,1,3,2,1,1,1,1,1,1,1,1,1,1,1,1,1,1,1,1,1,1,1,2,1,1,1,2,1,1,1,3,2,1.15384614467621,1,1,1,4,2.79999995231628,4.17000007629395
1,3,2,1,100,21,7,7,3,1,2,9,3,2,5,3,2,3,2,5,5,5,5,5,5,5,4,5,5,5,5,1,1,1,1,2,1,2,1,1,1,1,1,1,1,1,1,2,2,2,5,2,1,2,2,1,1,2,4,2,1.76923072338104,1,1.5,1,5,4.80000019073486,4.17000007629395
1,1,1,2,100,24,,,3,2,1,6,3,2,4,3,1,5,3,5,4,4,5,5,3,4,3,5,5,3,3,2,2,1,2,2,2,3,1,1,3,2,2,3,2,1,2,2,3,4,3,4,2,2,2,2,3,2,2,1,2.30769228935242,1.75,3,3,4.59999990463257,4,7.03000020980835
1,1,1,2,100,24,,,3,2,1,6,3,1,4,4,1,3,4,,4,4,,4,4,4,4,4,4,4,4,2,4,3,4,,,4,4,3,5,4,4,4,3,3,4,4,4,4,5,4,4,5,3,4,5,4,4,1,,,4,5,,4,7.03000020980835
1,1,1,3,100,34,18,16,3,1,1,39,1,1,4,2,1,3,3,4,4,4,4,4,3,4,3,4,5,3,3,2,3,2,3,4,3,4,3,2,3,3,3,4,2,2,3,2,3,2,3,5,3,3,3,3,3,3,3,1,3.23076915740967,2.75,2.5,3,4,3.79999995231628,7.03000020980835
1,1,1,3,100,34,18,16,3,1,1,39,2,2,4,5,2,5,2,5,5,5,4,5,4,4,3,3,4,3,4,1,1,1,2,3,4,3,3,1,2,3,1,2,1,2,2,2,4,3,2,4,2,1,5,1,3,1,2,1,2.1538462638855,2,2,2.5,4.80000019073486,3.59999990463257,7.03000020980835
1,1,1,3,100,34,18,16,3,1,1,39,3,1,5,4,2,5,4,5,5,5,5,5,5,5,5,5,4,5,4,4,3,1,2,4,2,3,1,2,1,2,2,3,2,1,3,2,3,4,3,3,2,2,2,2,1,2,2,6,2.53846144676209,1.875,3.5,1,5,4.80000019073486,
1,1,1,3,100,34,18,16,3,1,1,39,1,2,5,5,1,3,1,5,5,5,5,5,5,5,5,5,5,5,5,1,1,1,1,2,1,1,3,1,1,3,1,2,1,1,1,1,2,3,1,5,1,5,1,1,1,1,1,1,2,1.25,2,1,5,5,7.03000020980835
1,1,1,3,100,34,18,16,3,1,1,39,1,1,5,5,2,5,1,4,5,4,5,4,4,4,3,4,4,4,4,3,2,1,1,2,1,1,1,1,1,1,1,2,1,1,1,1,1,1,1,2,1,1,1,1,1,1,1,1,1.30769228935242,1,1.5,1,4.40000009536743,3.79999995231628,7.03000020980835
1,1,1,3,100,34,18,16,3,1,1,39,1,1,5,4,1,1,4,4,4,4,4,4,4,4,3,4,3,3,3,4,4,3,2,3,3,3,3,3,3,4,4,3,4,4,3,3,3,3,5,3,3,2,3,3,3,3,3,6,3.07692313194275,3.125,3.5,3,4,3.59999990463257,
1,1,1,3,100,34,18,16,3,1,1,39,3,2,5,5,2,5,4,5,5,4,5,5,5,4,5,5,5,5,4,4,1,1,3,3,3,2,3,1,2,3,1,3,3,2,1,1,4,4,2,3,3,3,3,2,3,2,2,6,2.30769228935242,2.25,2.5,2.5,4.80000019073486,4.80000019073486,
