-2.003260544901227,-2.1133978309555537
3.66306782061058,0.4117046909611687
-2.8329151933165124,-1.7271920681598703
3.4816415306574324,1.5390300296846453
4.4248048046078505,-2.2085142113028655
5.4051619388579795,-2.0575495237104704
-0.7124529242164009,-1.9488853622297158
-6.087648210291276,-1.105242879972338
2.3249742751967584,-1.0932180663289794
3.342198400451709,-0.4775142654805441
-4.626567157478658,-3.2290054156377916
-4.5177074599547815,-2.174585628352486
0.9692525101871565,-2.107318414147204
-5.068199871162983,0.020308865645436214
1.2409776614771009,0.04948796544682388
-2.298210416739138,-3.354669487834367
-1.9433980838642015,-2.4915331219121297
2.508309911712249,-2.7068014058338727
-3.597115449693457,-3.279364761953726
-2.9259340057477914,-0.12686863252212377
1.721380066503793,-2.7618846178694296
2.463623507987923,-1.5348749740102436
2.8965445117095934,0.3567222779632267
-3.4273239773766306,-0.9053289343610665
-2.2158633167838264,-2.4790769525775262
-0.6196065560864774,-1.797809448941441
0.09121368099632265,-0.8602512446262162
-4.677598184777679,1.9889385965544335
-6.979758438874927,-1.413231404399363
-3.3319913435904125,0.8239808860610641
-1.6336887249861025,1.7478143511875586
-0.3584628757110363,1.122484417655714
-2.0103380764283107,-1.2406194622073536
4.426452983592041,-0.14288924684535553
-0.9117998700782624,-0.7650212715938733
-2.295343571140144,-0.6841276239271193
-3.704929300477715,0.47180745517746525
4.144786699355351,-2.939149530418852
-2.3722592549192583,0.9062459610920525
3.890100249974374,0.23611131453700843
-1.316193762624046,-0.924291344565892
-1.3369840686087897,-1.2926954288190018
0.7201793364457747,2.9933235002718854
2.6717523718913343,3.253916370779763
1.2047600017362146,-3.587636317332727
2.1411516068252965,-2.630877975039851
0.4509573729971422,-1.5348749740102436
0.5939532642777847,2.473852941137914
0.9874953258413676,-1.046783611760508
0.03474440270389717,2.4534085204135856
-2.6894496746767507,-3.587636317332727
-1.2768490270039332,2.9916054934763765
-6.1766911000299505,2.0025650103551045
-3.802184459168902,1.496519416916306
-1.8428025534451091,4.177676165435852
0.6320595209752633,0.5319441893551043
-1.0912638041067482,1.1971547408687775
0.6937818281213615,0.8751368438410091
4.2841414080523945,1.0072591158703728
-5.226138296598279,3.0753577180116447
1.7973526062947731,-0.5054796661655253
2.106908071077007,6.107978360052423
-1.4473071091346175,-2.939149530418852
-1.4898738824746696,-0.026052065102239008
3.5195621525822305,-0.5795972532745228
-2.238016730094542,0.9563026703888516
-0.06628829398587666,1.1274102077820924
3.7939262153444595,1.5184803848368071
-1.7299560277233863,1.8143686283619598
1.4719544771865352,1.8334030030975323
1.2686344631483784,1.22466313048933
-3.9357310097260982,9.116844800013517
1.8754817527335308,2.5814712776579283
-0.6871337990430696,0.4198608123260499
-1.6166481547470162,-0.17972237375160927
-0.32655158098704323,-0.6447783909907663
-1.1502091304609432,-1.6781176758005427
3.8113752866180404,-3.587636317332727
1.9722449287426973,0.17643515860472725
-1.717415005670225,-2.987382369550692
2.094507169820612,-2.7618846178694296
1.051406640309032,-2.8632719387505485
2.3541685054014803,-3.354669487834367
2.593076389457424,-1.721833961356423
-2.4435955310874222,-2.1738632715186745
2.457106259184239,-1.6520350808000648
-0.09519183539485887,-2.7618846178694296
-11.103994871874544,-3.587636317332727
-6.621845029660454,-0.27886768821534474
-4.311967116746353,-1.9740529778278337
-5.554170183033365,-2.214785151836674
-4.374868954350118,-2.52891778837107
-2.5553098519252035,-1.5393787293559829
1.3229390671528571,0.9050524173030525
-6.625482969352191,-1.3261848958273394
-3.214981821061019,-0.9475985912275087
-2.626212950784251,-3.070774878161811
1.7456338712228505,-1.7675762029259716
-4.57965193753204,-2.3972924406281098
-2.392969794114288,0.445321908761113
-1.3330280173632043,-0.7713201049449045
3.042707001709661,-2.4959848204668744
-3.698381293399498,-3.587636317332727
-3.9067254166111955,-2.4461439846733315
6.160329734169434,-3.587636317332727
-5.296197327537329,-0.9397678877142935
-4.271458214340248,-2.2206462329920686
1.9386583425534272,-3.354669487834367
3.501869154971687,-2.130924403758283
-1.8103500224862257,-3.070774878161811
-0.9731882128713881,0.7058166121347587
0.5638220220886808,-1.136933646188453
-0.30588762581683104,-1.0741836912555374
4.725388741834664,-1.2141472492966399
-0.6424715963473261,-1.28079575858854
0.2577065599480185,-1.4864598941510296
-3.031356337751459,0.7978439822766562
1.22271311002052,2.3929399894421346
4.276909713890046,10.805677735699089
0.6581734739675794,2.644075540195508
-0.039476029096511045,-0.13495192624639382
-3.227797908733895,2.5936442141690286
-0.7239691104637526,-2.5295364932844504
2.955087710069248,1.8034966042356202
-1.9758674717701847,0.613144582168385
2.8417087929073634,-1.599819971884513
4.597862370117398,-2.5743069256098687
4.796130971144264,2.1167351178760163
1.3869732834647748,-0.23547255504952305
3.7209549067067567,1.064494493259561
3.4854293515394073,2.0563653419139722
3.355472793344383,0.15910320635491282
-0.9473931666679134,0.40304847885343154
-0.19701252253716234,0.9094583273205196
0.07420892960491099,-1.6647625794324141
-3.02285114757928,3.194018061158142
-0.47338734232617297,0.7992134130469867
-2.8219145144473705,0.35844739695578853
1.1117310141253383,0.5758879153697896
1.918099888096627,3.0197310031170166
2.2190555518999964,2.683631686205975
3.499984444362342,-2.113291280195708
-1.0099814458614431,-0.15193624767269778
2.143173873053082,0.4804271351503772
0.555475642333652,-1.8497247156162762
-4.317462854600382,-3.587636317332727
-0.3710003227038884,-0.8298197795243073
1.6309500973535997,1.2683786833792698
-2.2484943284953136,-1.906513596457673
-0.5254544743814936,-0.9682275646686118
0.4284506032879102,0.1254805674574283
0.32655137968499526,-1.811773420546758
0.2140941723438528,-1.05400784866766
-3.4733441108241507,0.5165059421460739
-5.64966070824615,1.884137345369528
-3.1888790972825003,1.18407917595519
0.47004090497354095,-1.9716543079598643
-1.9423976651391577,0.5601377361952966
3.0286001410113377,0.9233697024846562
-3.0435859063913373,0.6188054697510315
-2.4882548898771275,1.1215507209752433
2.3917864653703482,5.311593745718035
0.7705607233890182,-3.587636317332727
-0.5678211157424017,-0.8173636101897029
-2.7233743930154075,-0.24283006521220518
2.5032134286224172,-1.5173484012075154
-2.618694278728472,0.08137746793567904
-0.8911120255697684,4.31509293599953
-5.691243528061877,-0.5057078314946745
-0.1254657280430443,-2.7120437820758863
0.6448873059054887,0.3132967061864569
-2.096093812415929,-1.829701068306319
0.2890184099202326,-1.8987482519471925
-3.1854504485138992,-2.05685887344028
1.5320900428273654,-2.214785151836674
6.0018280124800105,-3.587636317332727
-0.3279630281148911,0.14768357632231607
0.49949000932164067,2.348611833503899
-1.7029242855538491,-1.6045408777442955
-1.5291919308365303,-2.4222880912479363
-1.4995294487325117,-2.9704745016613443
-1.8207479058999625,-1.1194070733857235
2.2522998931953593,1.7189536216226387
0.569768863728439,1.3516665119077844
1.8813617531800362,0.0270554723449474
1.0632086786938657,1.9717314106593804
-2.0440732505270156,1.7200457251344976
0.32578401146093183,-3.587636317332727
-0.2585746507789221,-0.03168792473416193
-1.956523087464464,-1.734170214708135
-1.6213278989634272,-1.8159547266575506
0.9862367720005625,-1.793477681549388
-0.47947531642166374,-2.49469916081386
4.584085253575535,-3.587636317332727
-5.059947550547161,2.086916719432883
-1.647570073248317,-2.4790769525775262
1.5913807309283106,-0.8114040901903086
1.8282880870668379,-3.2597692791020547
2.7302191719412336,0.9233040992798314
-1.1690304103502416,0.35080632685299606
2.735688534962943,-2.4966035253802548
-3.4894361996012186,0.9387760931051188
-0.889089916709884,0.257356323256245
-6.924773546878047,5.252870381330979
1.0889326331780034,1.2147333899743096
-0.7726154649916961,-1.2757253551204149
-4.615306488256218,0.8751368438410091
3.8863183246022235,-1.2955306862892235
-1.3666630374816517,0.3078158639631686
4.569481010264761,-2.2522890285820996
-0.04911241382691722,0.7992134130469867
0.8092477331744939,2.2671746342588754
-3.709690514750786,0.385349913616013
-5.498449957225763,-0.19334878755228035
-5.149209403378615,2.540792262353686
-2.4131861414484916,-2.1394804259560334
0.054800092089315855,0.8576102665572761
-5.745553875497192,-1.0602851029057874
2.5641689796085663,2.259501382777977
-1.506252068883105,1.4477002194726696
-4.058649395440866,-0.2501440257254597
-1.4467545292768316,1.2022772009789042
2.069445200752048,-1.2551037031722925
3.562449083025812,-0.9674537997414141
-0.37506422962290464,5.818061503803886
-3.486087707725649,0.9563026703888516
0.02386679409804454,0.32534243676589814
-3.492834418181556,-0.36477570149227295
0.79727538966656,0.46663565629574233
-2.6366191836928037,-1.0300383484826874
0.07006224402246741,-3.2787460570403453
3.383985085094892,0.5304427434882573
-1.1559109240001848,0.6167061242555513
-0.28132787808423354,-3.2787460570403453
-4.554008774281932,-2.8825811228467906
0.9517283212035325,-2.6302592701264693
-1.0268206502782042,-2.939149530418852
0.7962497358286212,-2.774340787204033
2.114674406230262,-0.21488691559730078
1.4610368039647255,-3.587636317332727
-2.153296408248884,-1.6021942450065214
-0.8461485248739128,-2.157059055549757
-2.9024012754547495,0.01645217647351549
1.8087640017808655,-3.587636317332727
-2.9898491018855546,-2.3849554815799925
-8.453507398641113,-2.098662197558464
0.84541419327694,-3.354669487834367
1.5978548622447295,-2.3979111455414914
-1.06377401794745,0.3839112870428862
-4.465564693040724,2.986643217420415
-0.6553704071729312,7.372149867460328
0.0657419306267738,9.192832350030223
0.046184064158774685,2.776462979535742
-10.210600306205507,1.645557368428745
-3.6405493046868416,1.2924367857229193
1.3323376501144917,-0.5817030406715945
4.702769811554162,-2.7873485079565277
-3.8193176017505666,-2.473215871422132
-1.970295006230999,-3.2787460570403453
5.326490292910018,-2.235501091855442
-0.6864486398212966,-0.9177680239616884
0.9124581966791232,-0.7229244818185419
3.6835675748017476,-2.414819013430839
2.5492295220577863,-1.161359072878538
-0.9879320199184143,-1.9808833858552628
-3.000093452587083,0.3078158639631686
0.7670134655655549,1.9858152500874597
1.0952608455691666,4.8347741439000185
0.08899103204749556,0.43407256046869813
2.1838141556633115,-1.668795210168577
2.835548020013316,0.15077290070591332
-1.291834264659262,2.469433613806304
2.4309636072444034,-0.9570662603346833
0.6856580440726451,0.42619047365873336
2.187755461702585,-2.939149530418852
-2.6539718562968995,-2.1818521839324787
2.8078173750581983,5.428057635702813
-1.3455544594669222,0.5929750311638211
-3.4106771562995473,2.3503177152592123
3.104116686272458,0.43758674189948477
-2.0964387148766415,1.1473296113982507
1.3713821573836658,6.725413122802581
-3.55312143878123,0.2528254067087553
-1.8715616456947957,1.7751305233939563
-6.63393588660705,-2.774340787204033
0.09779935831237063,2.55269586480426
0.8649817942029964,4.584539936639073
0.49845478121506426,0.9080698072642011
-3.4244363774938993,2.926410948610333
5.269007540851989,3.9498714103043007
-1.4654621424183714,1.143397095475951
-0.06787679727303132,1.883293004286331
0.2562137259042236,-0.717420816601475
0.24466147293357265,1.8020996304623171
-0.6295116754711456,3.163143817624306
-1.9288620169116677,3.230458965681201
-2.882408994092208,0.9563026703888516
-2.890889330175282,0.4150642855114909
-12.623901531428054,4.893389248099616
-1.7986055468411974,4.425892177755468
-0.8563662974626723,4.107034430660745
0.3555764338803716,-0.196751469922757
2.743354148767193,7.533218402084796
-3.635809475932443,-1.1953305041797462
-1.1817597442293355,-1.906513596457673
-3.469280688070885,3.796041996184568
1.2534166691738884,2.229415560307252
-3.792347032456135,-0.009239878942731428
-8.850390290283562,0.32956595481169415
-2.668288602733327,-1.1204619410314658
1.9055619636631493,5.764140375359107
1.1138577786765682,2.798417496827196
2.291057144987708,0.6118064138260823
-2.507356750568412,1.0865911651111722
-3.743957451057974,-2.3841648038927232
-1.1487660571648806,0.4123889312633747
2.3433831818783912,3.166598779144067
2.077903542483591,-0.2538399890096999
0.3915604784167773,-0.8026450761873971
4.127007229640235,3.7533758342493657
-11.880167367753295,10.960449670672359
1.164272508449696,2.768387927009484
-0.14617924535410598,3.009136293956626
-1.7792996069690923,3.4612056508900424
3.473098829564468,1.0964044267197894
-1.7011388957372118,-1.0917102685392692
0.7478417247995057,-0.5504718914575053
-1.282826124210783,3.106605570712146
3.007977044636839,0.3036186703253515
1.3559892679345076,-0.03178066265832458
-5.884216868703356,1.7462104821097575
-6.248801570077172,0.9871789985518559
-0.3130407613682355,0.09564997619879734
-1.3159965882724154,-0.6279121192309406
-1.883495104319676,1.8042773620151753
0.09038232158955109,2.8402374975517324
-0.13891864985654095,2.0348792621434084
-1.025674383257654,-0.04590085871698499
3.080902291094006,-0.3577779336287069
-0.18780462741492465,-1.8297730136631285
1.1035904336920845,-1.0048553683015258
-1.4990280925643802,-1.2122383720690941
-2.465627718585393,3.3606165676879916
-3.4654289840614583,2.054704341462259
-2.5362532184136586,7.849337868556904
-3.7181175395162267,11.218880390257816
-3.6411648637151544,2.1869741129575964
3.8777925013492758,-0.770045131505659
-4.0444910833079435,7.332796014567277
-0.7169806323195204,-0.6754508509010199
4.332867460069517,5.067284094244036
-0.009217324682168015,3.5388784742834147
-4.291103185190914,2.970502670755492
0.1920113287699218,2.2396480539423536
-4.864805371270045,-2.4790769525775262
-1.2288931820692013,-2.630877975039851
1.419764095052464,-0.9039668166900932
-0.30589040367749365,-0.0005117214781851231
-0.7905726142482732,-1.6151499089680197
-5.519065777174695,-1.5846156154127975
0.2007935165469376,0.9895560805056954
3.035677800697794,0.2748828960589732
4.718602247390716,-3.587636317332727
-3.8141809482999416,1.3320207067836067
1.637770779878703,-0.8363453889835484
-1.4618204916838073,-0.4623099090088276
-0.16140910035335773,-0.9457701452892805
0.1690959087541378,1.473753383590298
-3.601604226622668,-0.30433157830244273
1.901683142655311,-2.1140165358689353
-3.7688409116970103,0.9563026703888516
-3.648393778146725,0.1739383340459888
-4.1350245379487,-0.6396749964374335
3.0286422722275015,0.330408877413089
-2.517992883455602,0.32302020525508746
-2.2908764603703733,0.3580472348599407
-4.778879857325043,-0.984684542817986
-2.743970418090904,-0.10429771222727449
-4.053795081973072,-2.4222880912479363
1.907022047141007,2.6339629545506797
-1.2963408494847357,1.4182036941684046
-2.4626998629479653,-2.4222880912479363
3.1232065092989627,-1.8123921254601396
1.6848938832674825,-2.095199790752042
-2.6165402022694693,0.5550673327271716
-0.946144495791736,-3.2787460570403453
-6.958447487479248,-0.9900507804932719
-2.267716388035597,-3.2787460570403453
-3.7313787353519254,-0.7843278060365967
-0.22850694547129213,-1.5085722686358816
2.762107238851827,-1.2757253551204149
2.303035304802914,-1.5714879786774096
-3.9842750405508287,5.7478439256695575
-1.8896103041825503,1.450098881545042
-1.2638483476685352,1.2497604223787133
-3.064317928621227,-1.3602591438656502
-3.3980589331738176,1.1104420099291612
3.8076830629904173,-0.9947713456430357
-3.0815084945051465,-2.6496142933484306
0.4053745437460123,0.9922493868401835
1.9448463544283803,-0.8771591169965673
-1.5847778873532028,-1.198122153762795
-1.1639425090735043,-0.6265790604190495
-3.1912782879853223,1.2476663533975014
4.977561304433676,0.4718595269992636
-2.6412308392795456,-1.5597704302390802
-0.9318204622939409,-2.4602081506696374
-1.6372754623449048,0.7386465819620747
4.231581718822464,0.03643676325028755
4.522682211719258,5.860411668373922
2.4978907288947396,1.200447752060657
4.020821859121025,0.1593116753523613
2.8828052051598823,-2.4609988435367045
-0.8809297026553017,1.087374294658499
3.585196895565323,-2.0810835679647397
1.5673579260432422,2.8062120844643963
-2.6919621480862572,-1.5896860188809225
-1.9931161799236472,0.8321463764701786
-1.7609681197689278,3.692369390849528
-1.7643575053031668,0.34939104192614134
-1.9599545933904585,1.138809959180287
-2.6546509244609497,2.2361136957656593
-4.42387402901266,-1.0794717246802112
-0.12273911787979874,5.126339857263436
1.021935594282497,0.17153687485799457
0.04775752864277971,0.773749515164292
5.94121802621408,-2.1570069987587615
-4.432610416730627,4.411597671531573
1.9024363988251767,-0.035640826070257425
0.3844210693869355,-1.727810773073251
-2.413465714660208,-0.30072349759507566
-2.0089965576628384,-2.258500731696148
3.516165453137457,1.0196616780210097
-2.938370005846814,-2.7618846178694296
-2.969154447035055,0.5086207011645076
-0.9912351078029589,0.2590764614762998
-0.1816946181352041,-0.3761935842769596
-1.0260137119158967,-2.9704745016613443
3.8588447176414755,0.7442529976556242
-4.604660107914378,-0.37963630418308314
-6.550475203337933,3.3304963846346927
1.580649600340891,-3.587636317332727
-2.8917791932341794,-2.8128123980436253
0.7306997757325672,-2.7311783515403176
-7.422530161631052,-0.6080020646060155
4.126840216735157,-1.4717571354416328
-2.807504856259511,-2.650232998261811
-4.631838544364518,-2.1739148711291127
-2.2042327539302797,-0.9723962322713802
-0.6408867742071103,-1.5561381530280893
-1.2716174546363357,0.6649389828991985
1.594464387564548,1.9936015853754214
2.845388336999765,-1.9541277306761313
1.4611132498310484,3.4551726137891565
1.081997833296383,1.2147333899743096
3.0669734721150914,-2.7873485079565277
-1.6695227335632348,-1.0427585256220546
-0.46398916265925694,-1.2757253551204149
-5.718227678905671,2.5252633271937324
0.0466479767905027,1.3994673563480189
4.074600998686959,-2.1337913175745267
-1.7675916355937078,-0.4256969043416615
0.4860314709027973,-1.1262538704820857
1.9215714689393169,-2.9698557967479626
5.328780273696212,1.5105487563579048
2.231526938940624,-3.0150729612128737
0.12753514180679237,1.4630302093887133
2.0766383470827243,5.723981114062214
3.613368031890272,6.230445716653334
4.2475392158653005,1.8278701702426225
0.5438511980105278,-0.1614957305840525
-1.8923065392881864,0.7424901316089566
-2.731706989167054,5.423427421771717
2.0862411275019768,3.494828694169507
-0.49443742679850755,4.4900526645535255
-1.701469905475635,3.4749070583205937
0.1276622667500616,-3.279364761953726
2.765365858713915,-0.1630089339928653
-1.1828152428579437,-0.9675539941324044
3.1751635604350934,-0.3758560685481187
-1.1090229720006892,-1.797809448941441
-2.4058712077176,-1.643184461357776
-1.2863057035718455,-2.263288200225233
2.072821487765037,1.0178852843927735
3.7515202434960644,2.897863406905385
0.7134243478578077,-0.2131738567585756
-2.8834894214115003,0.06606484693790901
1.24169090328911,-2.987382369550692
-1.7493096705766495,-2.0641757000753924
5.986804012164383,2.8550922940998995
4.096768031633719,-3.3292055977472685
1.0204192221863555,-0.11195504481066088
-7.643501061721441,0.042335116073712376
-2.9135376772717647,1.2731302434845992
0.8668614003968497,-0.3562988972872695
0.845238324547867,-3.0457792275419857
4.327176966393485,-3.587636317332727
5.977854953215285,-0.1680596712753058
-4.695932118878039,1.4477002194726696
-0.14500542810453956,-2.611915545323219
5.492478206342137,-1.8312088705770326
-0.23869585695543358,6.0541042532020555
0.5876791697614605,-1.040434402572028
-2.6895783289563413,-3.2787460570403453
1.521783896677261,-0.1292700961911213
3.3744194417032993,-3.2787460570403453
-1.4921634046120893,3.1397713769272197
1.6249739100839833,-1.521800099762259
-2.9463597334136074,-3.587636317332727
3.1622507610191315,-1.584667672203792
3.170712565673428,1.0405542296753785
-1.1816379709718694,0.9148901305092689
-2.6469973594329743,4.933208454727628
-3.0084144097972283,-2.599552984285552
-2.285562744594946,2.6380117293118106
3.8052106585818386,-0.7506984333359814
2.139316041118043,1.490376618210878
-5.802683476165551,-1.7225730926102538
-0.5434554888533099,1.0558841667588845
0.5654194805669288,-1.825519762195526
2.819501662604846,1.118807174222139
-0.13771941413515676,0.3392958950704843
1.4361129698812831,6.465550215027529
-2.409307548939057,1.5251314477185316
4.45804941186064,-2.114572779973337
-1.6671906823327682,2.4627209943508968
1.0878881133987501,1.3026521838680387
0.6840261017297221,0.07642696527064974
-4.270232482952794,1.52300494535331
0.5017265262124566,0.6818033731628114
-3.142898015837265,2.4765317138186402
-5.771478757841571,-0.3055657205542537
-1.3739515635098174,-1.5896860188809225
-3.0844213754555287,1.6091038274845837
2.1260338672573607,1.4773849873850546
-0.8933033916401625,0.19918459850854747
4.4002515625046765,2.941624817659628
-2.069112361762073,-1.4411527837368077
0.972528838444612,-2.3443538838312525
5.096679025405496,3.2241460295420605
1.0886434197497674,-1.22667537916785
4.137593627534299,4.9397838279441055
0.5554515587981435,7.076387647463424
4.249196833463082,2.5752911972418238
0.13230323474392056,9.00563778323949
-0.06938022738431421,-0.9278434103907038
0.5656997499315884,-0.9056430159273394
4.291776281172532,3.8651586611503452
0.06642227547957213,-2.2951137363633145
2.2375744768212322,-1.0121550760300475
2.8122828352135025,-1.5685470574330165
3.044662235662848,0.3078158639631686
1.1078732094559451,0.5407826934615289
0.7719670540490665,0.9884646818598098
-1.119393246943658,0.647412410096469
-2.2443375115739106,-0.7842078978493005
1.3524605345751954,-3.3292055977472685
3.4549053425591247,-3.587636317332727
-0.11027484934183975,1.1359662332944362
1.6048186174263774,-1.8481167384663801
-2.5495898582140986,-3.0457792275419857
4.709975232021555,1.8816358662221828
-2.8190840522195137,-1.0626666930397741
-1.5116318063082919,-2.13797262368532
2.4536897695148636,2.7279842757569615
-1.2254466888863933,0.017147334923853508
-0.4242807633147506,1.8657172458244538
-2.520185563691107,2.1341014658482673
4.226214776007138,-3.0327715067894907
-0.8977470264391241,-0.9039668166900932
3.5753497197412694,-3.354669487834367
3.657659474827268,-3.2787460570403453
0.1502836330036002,-0.9480642351990454
5.8916827025153955,-3.587636317332727
1.9490982291491865,-3.354669487834367
-0.7434226605495594,-2.076013164496615
-6.9283966091624976,-0.5958700429168122
-2.2160137693417816,0.07969125294298351
5.356064744330385,-1.0062926798617204
-3.614942213808238,-0.558241636108981
-0.7670553098771555,-1.9572479461873962
-1.824703113683058,2.770458353783926
-0.5000915331216034,0.03348498769647301
-0.45142731157640603,-0.7218983251047375
-4.130900635244445,1.053755569767501
-0.47069624672176896,-3.2787460570403453
-3.490412434710344,-3.354669487834367
-1.3862866564796186,-3.2787460570403453
-2.6409099987034397,0.5384604574697148
1.0389625887461191,-2.1805898222341793
1.0225547291675565,-1.3575098670698322
2.8122136934253468,-1.2889524957301828
-0.7021173853812382,0.5054911642464257
-2.5006433834200146,0.7315948093520709
0.31492442697245426,2.7172088151646507
-0.10506104879217881,-3.2787460570403453
1.1077340171347514,-0.265881574742981
4.552646789012009,-3.121702658336007
-0.45775964631892685,-2.510839679330248
1.4270107575766566,-0.6937689407174789
2.288593511837672,2.182260250130329
0.7587355493432699,0.26863262446899827
0.8420420726129959,0.23172044521546065
0.616625251559037,-0.6060968153392391
0.2797015178282123,-1.351648785914437
3.405545617082694,-0.017979475047530613
-5.200740917836671,0.825243250974579
-1.583771705111946,-0.09588253546393655
1.8621829673919499,-1.4398745708869425
-0.0006833630916386335,-3.354669487834367
-5.065560158954122,-0.9932900473902407
-2.6626100288738486,-2.538702213406723
-1.9503514705956375,0.30787070992519416
-3.908117398657976,-2.5187769966146174
0.009691024748524235,1.1804029543513095
3.9512919978673136,-1.343690014174543
-0.3529138673479991,-2.4434722707339764
1.053492008825964,-1.015786837745248
2.4088232500336244,-0.4632008103414319
-3.9211758336427147,1.5112190717295122
4.31103176649066,-0.32370367728109684
1.1461219756180006,-2.8327376451953263
-9.7292679927656,-1.1281565361158776
2.0468385051303475,-0.9355094330689324
2.4679825768191876,-3.587636317332727
3.3825309077324435,0.2862112540627224
-1.1997225482308282,-2.017787713421727
-2.5923113071394295,0.28536573862042086
-1.674769816590211,-3.2787460570403453
-7.107344433605586,-2.8887358366332436
-0.7359933299526729,-3.354669487834367
-0.921555453128656,2.226185138440256
0.7392737197765564,-1.5335832401005998
1.6138867399174277,1.9747024807596323
6.2801450725592955,-2.738126377076365
4.564172566418119,3.426492643699609
-3.8490833771642627,-0.9761100163301544
0.8815862449742601,1.7753964785892378
-0.12337875596407355,-1.3401076869042239
-2.998030354062953,-3.324135194279144
3.0409573139187565,-2.7873485079565277
-3.079502243193591,1.816195230610006
3.519196608163863,-3.587636317332727
6.0051734343290475,-1.5432477491533603
-0.7530142302980605,-2.782896809401783
0.20304891285171783,-2.007604664719956
5.769530643550712,-3.0606340864053587
2.943638432451613,-1.552453603603968
-3.3771462175998153,-2.782896809401783
0.3477824133532699,5.340500288148912
2.3147731768380564,6.561857407408272
-0.6925051129447274,3.3333283086076824
0.7698248984355995,4.8373971382424354
-2.2871701973076393,-3.070774878161811
-1.8193165593304141,-0.09263502941177201
3.1365077083222483,2.2097491419194557
2.8838321207774453,-1.681183520311284
-1.7986641740452105,-0.02530484155160806
-2.8544973688310016,-1.5390985072358392
-7.520664418225979,5.621906410702106
-3.2286960532313467,0.3078158639631686
4.598517846633316,6.407377495672123
-3.808720764495538,3.574332638578891
-0.19696173973679398,4.227927405415025
-1.5706440434309612,-2.5429845962252973
-0.7361826447184099,-3.3292055977472685
-4.08590628989902,-1.9876794034937086
2.328812774606893,-0.4064623152557477
-1.5543431758827113,-0.7039526918676289
0.9633097409215098,1.7390639024813193
2.7024803425503254,1.6513356714240124
0.7316565296038169,-0.010795632327720739
3.745864646252087,1.628476971176242
-0.31055689289960414,-1.0932180663289794
1.4591002696213538,1.5200972071307413
1.582529095516798,0.888264480576395
2.615914711607192,1.8769728908995393
3.286466413907495,1.2753796265114241
2.5891872715737136,0.3048749230579738
0.5646367798164804,1.1172984921505802
-3.781936278275918,3.963256701202143
-0.13653331676475788,-0.40440378499275653
3.5554789635817743,-1.617751594782955
3.7120050694885673,2.8140940173433218
1.0524905261096333,-0.5408547815634241
-1.1625456089592128,3.225996061646597
3.0265539982397973,0.8561744336361835
1.8980712427566153,-1.2956990832557562
-0.16352267863487757,1.2460126617575893
3.649186218838766,-0.8165919483979305
-2.9570594322974895,0.95185162582296
-4.447716892974851,0.23920114147085775
-3.3126616809413054,-3.587636317332727
-4.3896871789682335,0.508909086203424
-3.853929365416751,-0.6709999871917329
-2.5655524626445505,-1.4863399781681368
-1.7249054496092202,-3.587636317332727
-1.995006227597418,-1.9292825455024156
-5.198875315156104,-1.4487653545432786
-4.04353183918789,-0.41916946428024643
-2.6545989897966678,-0.7698995868390991
1.1267386574977345,-1.9863892311795437
-0.934617992728972,-0.7764382849809581
-5.193560428563445,4.539505011872555
-5.489865270146415,0.2205411900619962
2.4589049417852404,-2.095199790752042
-8.002702053277408,4.435522425887322
-5.044030679658829,3.799904932233734
-5.572777428581951,-2.2951137363633145
-2.702883063514634,0.0
-0.06433457916354346,-1.3657650238815369
-0.48488350606787545,-1.7411735134318531
-1.655436169420483,2.5735703934418543
-2.995659908669788,0.016452176473515337
0.7816940685062209,-3.2480397907112337
6.326446046953597,-2.6931749801679974
5.337806206858139,-1.1882822647409015
-1.7028413517265681,0.36445694423535047
-0.22937612928887632,4.485582016329369
2.3946313018404415,-2.3979111455414914
0.7653967782386115,4.177575993774457
-4.105660765273141,3.1976444643828548
-1.9301808470127835,-2.939149530418852
0.7694108866955306,3.176295191758509
2.8343575279180726,-1.9721558525451846
-2.279104494936374,-2.580518628723917
2.776584703132367,-3.070774878161811
-0.7775328845005596,-2.2652446925435976
1.1761604947360005,1.6350471000641569
3.086218323216198,-1.7854204331023276
5.553162621809955,2.0318619153817763
0.20053169550282957,0.05491804747981208
1.4602688985538603,-0.2782489833019628
4.34921173296146,-3.070774878161811
1.033319457178783,-1.8057449804899348
2.4134930484029375,-0.1491880498367918
-6.403282711825659,5.275064411684292
-1.4547971490615805,2.2120592090568065
-0.5739469065553342,2.4052757120846144
-2.859142621869612,1.5917799614914354
-0.3119228686201848,2.8232085404779994
-1.6488116506105357,6.992509859230997
-3.3031077922569905,7.592593448487397
0.9689247839106438,3.4927782548356996
-3.418892179121401,5.4682318781642945
-2.8537066308936616,3.099045947986312
-2.9579113861791857,3.7220186032516627
-0.7792174997777594,0.6493188558768079
0.1821230156403465,-0.41345480082683306
1.0300836171696808,3.769519939172914
-0.2120272392062162,3.3106352455508454
1.400541758701045,1.6016298570673109
-1.441528077793878,0.8975214158629249
4.909692960772178,-1.0434774249264256
-2.4395100376140517,1.6372494183916249
-2.609924677873356,-1.2899704947610546
-1.3921440018846833,0.39689109982226556
-4.022123044329765,-0.714661925277939
-4.066943681854563,1.987535624415377
3.613741493680462,0.6134219652830636
-0.197307949661631,1.4975410552662125
0.13608231613847938,2.526588286728413
-2.1858874410300366,-1.4103644905831192
1.8233843234490767,2.254311058845955
0.22714281057758434,4.139953103402647
1.1897402613348835,4.745297181093239
-1.5082679161727262,6.994096083003131
1.6689754997278996,-3.587636317332727
6.378910196905494,-0.8241631078132238
5.370378596418378,1.3909634026574738
-4.652104451968016,1.52300494535331
5.72492883861169,0.3735902182186436
3.191467181010586,2.2145661725624315
-1.6239119383182428,4.262876258694562
3.2894863014624995,-3.070774878161811
4.600909377542836,-3.046397932455366
2.6911993110455876,-1.6904546426442577
5.7390910655960194,-2.8276672569069987
-0.3647339803017672,-3.587636317332727
3.565707248614729,-3.587636317332727
4.509930985029429,3.1608650138166525
3.9277784485679463,-2.769150467753015
4.031697233336459,1.0772273755485509
2.5390272695560516,-2.233102402326672
-0.898343178368421,-0.36859232179995804
0.9838112357602358,-2.8378080486634514
1.1541603788621355,-2.6877670307604307
4.353782660508294,-3.587636317332727
3.101899510033979,-3.587636317332727
3.1223344630341296,-0.14684146263840853
-0.05105729001609499,1.4405616576280618
3.7686495407738563,1.2476663533975014
0.813290058843477,-3.121702658336007
5.835788920470955,2.5598240517930875
-2.599508005204206,1.3149335912577245
3.2915353347626333,0.9563026703888516
4.979661513394745,-3.587636317332727
5.212816287533549,1.044523077510107
1.405871095918056,-0.09551352470037511
0.4996569441817442,-1.8293119333019785
-4.1751176327163675,-1.9258227805539136
3.7467602864895517,-3.070774878161811
1.9055382479455836,-2.232483697413292
1.4625948972317069,-0.5950765563977105
2.3389026429990407,-3.0457792275419857
0.008542003841483292,-1.969601294452887
4.109700445035621,-2.4740065491094017
-1.3533617117466956,-0.8402339546480426
-1.9116253228601874,-2.5039221377512426
-5.55358752235241,-2.1204460508825913
1.8204702035561016,1.8818023075030803
4.000437742401297,2.2154215741745817
4.655678323872966,-0.7704337063551867
-1.9816137508972196,-0.3372645417256347
-0.7202210806589948,-2.184869563194832
5.4910532216679755,1.4731640954852208
0.6664436869949899,0.6921828424218868
0.6035207206099766,7.752369062481036
-1.5317914726040827,-1.5137625880868995
-5.23431985406169,1.421071782108612
-2.0483854134437984,-0.5222127524491527
1.4285223849030855,-0.9090372201582182
0.006442817390101108,-1.1812142813924444
1.8935594362742063,-1.5085722686358816
-2.4292934486321442,4.327642161279282
-1.0885070717619159,-1.822652848379282
-2.173466631759549,-1.8174625289282642
1.3267167547712888,-2.4790769525775262
-3.519900315770636,1.6961906190934903
2.5403733171515013,-0.6176735371495684
3.6510923324914426,-2.039280243846556
2.7264890323216995,-3.587636317332727
5.199246770265213,2.206401961085857
3.8745938605988504,0.7073871988936034
-1.2442015748197242,-0.5078018824965381
-5.8618026116491295,1.9445522211911808
-1.2407978996385371,0.6076563359970255
-0.34977403469816293,0.06629301226705822
-0.6370035986537498,0.9333996096479082
-2.992756766209051,-1.8261384671089078
-3.844086440999294,3.971931216661209
-3.032951813162888,1.0651131981729418
-1.9001986867029554,2.809703150250123
-2.386656517322303,1.19739316339268
-1.7501964990202672,-2.1394804259560334
-6.659905289204336,-1.8810497063705758
-1.46401019272268,-2.7238812464971094
1.1411534662722878,1.1747566678360215
-0.6259414904660557,2.1476384532433133
1.9601272913832348,-0.29750848728699103
3.2732458686615598,4.6028725932737595
1.274146784111557,0.037319537746916875
-1.2632075131121017,-1.4909936195303501
3.3117887226404124,-1.3261848958273394
0.8495095781310136,0.9742233463065676
-3.350716699378186,2.2537166974044913
1.8918925436299814,2.548538314234736
-5.359404010113209,-0.4343364730293824
-0.7960654956543313,-0.12120558459762543
0.2282081440934723,1.6350471000641569
5.642591921537875,-1.2983223358722724
-5.132854767234271,-0.9797445628843753
-0.41226574489278245,2.863677778692198
-0.2677190454641716,0.7711721132456449
4.8045674503429066,0.966935893329054
-6.259935156659369,0.5892468411173427
-0.6547736677415863,-2.382776922085906
2.936018545777906,3.5787116933329575
-2.7201392171062566,0.02369308448046059
4.739399083790838,-0.9672818074557188
0.12530460979706332,-0.12184404654659997
4.731203070634197,1.238882165870602
-3.6359592323177403,0.6606857298991369
-1.9294094523323948,-1.0484476340035616
4.284141813966454,6.2214044893755185
0.6727196163796857,0.9025796066017955
-2.2176931077131785,0.0235067810397393
-2.41760164638226,2.077869736235745
1.6635788203611699,2.04733545786032
-7.576680175550122,2.3605772263105953
2.1954131896859495,0.8297476914224117
-1.7465849251647017,6.3604364619589795
-1.2437763321161945,0.8751368438410091
-6.28753768482343,1.1081036733393692
2.473420547506548,3.180439631429266
-0.2633227137737789,0.7801310823782642
-0.4493086544803456,-1.495418863283649
1.662964145444529,3.976467469887318
-2.0358148581251543,1.3235439177583994
-4.560359675241189,2.0716122205541154
6.459352540864718,2.0523056709315948
-5.359355630073351,2.04733545786032
3.059437255466471,2.6552419295178593
-2.9726101775977414,0.9112555599622364
-0.16177159723770324,-0.24704894658006726
-1.2130679660880077,3.5909288256917313
0.3363348569467559,3.9985374904352486
-0.8629755862652302,0.6000218242695263
1.0883495929766935,1.9128431582949184
-1.7996474672358702,1.5437326244147633
2.237060575796652,-0.3815451859910085
-2.3335640216134683,3.7356550424280153
-4.764919398276556,-0.16555817295402278
3.6903667675663305,1.3766163804786993
3.667014718153176,8.916011573227458
0.38888614256460446,-2.939149530418852
-0.0850489582930131,3.578783655064154
-0.8713987128053304,2.280302279563083
-2.0324777533632608,4.460383640692731
-1.3294765008760958,1.0511691196144421
2.210426276780186,0.3983799855254655
-0.3770940650140034,-0.38099841737305307
0.937369719960786,0.11803587135548807
0.2528099212189058,0.7777577763556625
-3.5489192334138,0.8042838013353141
-0.008066741842251562,-0.1569064567498324
0.9076408001211329,-1.9248308469476714
0.8864578156996284,-2.372447255454393
-0.9087424347487064,-1.5896860188809225
-0.0479084941461457,7.486969515423482
-0.19821111824183538,1.2022251291571049
-6.726715334222867,-2.6477858429291987
-3.987596959375046,4.4578821898944
-0.5304937924259469,0.8576102665572761
-1.3458377493883993,2.532836992696632
1.4405836660248201,-0.2869051762357626
1.1309818982384523,0.03331656673712838
-0.04034504559826646,1.7527622814754324
0.5404076536489021,-1.2871430655390097
-2.56409219410354,6.085261273950036
3.3311254628398133,3.936623862626237
0.7465728892359473,-0.8344208294257975
0.2950129199026582,-0.26922635191317856
1.4035515181327298,4.071900610128012
-3.5095681838768864,6.994675870226016
2.425203505045671,1.813749914387195
-1.4517394070497018,4.717155797422535
-0.6890005111209887,5.923581376672724
-1.9493238360260974,0.9892356338120435
4.995910540818643,1.6509957600403933
0.5944433313660711,1.7536305377857517
-2.188762364824074,0.4944618416906439
1.5582228307076647,-1.5883001648369184
4.194369083561111,-1.363673599557796
1.4657317830523153,-2.290662723993169
-1.461376932782788,-2.3219877147474683
-1.0414062605913235,-0.07811771215582936
0.517605220837552,0.7152965991434749
-0.4545857328018328,-1.068629875305172
2.405557251623955,2.5579858775304016
-0.7061431622596572,0.9756118466894951
0.5431716275574505,1.8107747479101017
2.155483296404845,-0.9856314126566165
2.777543907183754,-0.7963005433771536
6.04704345968952,-0.2748350529981779
-0.9156725583297783,-2.679110814171691
1.4826814772657957,-3.0378419102576153
1.033476481241288,1.2923366105058665
-1.7316100721756107,2.787988958642531
-4.816147218092745,3.799938727888308
0.0,2.2577615363991232
3.8980969530441385,6.352053241103902
-2.9941664987542214,2.431761275374808
-0.6522728054786293,2.310956493582202
-1.6448687558186315,3.4260940116293956
-1.776487695133261,1.3143443443104392
1.4838230132824024,4.134795830131207
-3.7696475157850013,2.890348405067047
2.8089272195685195,0.8295168949341365
0.10213243143567996,1.4295028654537558
-3.0449146066689865,-2.669539540500131
-0.4475939424805243,-1.4909936195303501
0.8621319399108983,0.14083058901707682
1.0241710741557595,0.34281828621111066
4.938196433925638,2.5436242100475255
-0.11434904277821684,-0.44708280817423185
0.04387392451033256,2.6556663343861864
-3.2862338722398636,-1.3896220959118986
-2.4046991941529736,-1.552453603603968
1.2855914436273275,4.973540380968638
-0.34016496744988733,4.910086244414451
-1.7995638671690448,1.7768346150372776
3.7798441314630558,-0.4212452209667161
-3.366874003425905,6.083140445497419
-2.299239916749659,5.125758437627607
1.2613445168870037,4.65728385682424
2.427163992456951,5.396673308066063
0.9012110380797403,2.5438033874368684
-0.012155963546901516,5.473344691335276
3.033029953050934,3.6501233744796195
-2.746855332859811,-2.6584865203656483
-1.0664670673917551,-0.9475985912275087
0.4054167107898907,-1.0992796977069406
-0.66150325889555,-0.4133627541253759
5.768903067934841,-0.2630126999523549
1.8804266395510443,0.058434748496383915
-0.7238585737273661,1.2143855482493928
-7.190870194408181,-2.5045408426646243
-1.5821046584365575,6.956348853744854
3.1700124384710833,-0.6104308751963746
3.531581886514397,-1.0677541903164283
-4.223239391459211,2.0265345532796166
-2.277545369747279,-2.089020885249109
4.646785393496647,-2.939149530418852
2.2578243590654665,0.18857916808706998
0.1920830356903992,-1.8168438240148825
2.066043426497096,-1.9823911686141682
-1.5782012407645367,-1.4542342440788456
-4.003148575667847,0.6513719080609024
0.47377938913304907,4.284488781891762
-0.7052119384695761,2.481199142878637
-1.6427922227514646,2.2060047372226537
-0.3405151796820441,2.142576166553178
0.5860441442177738,-2.4222880912479363
1.552668725671413,-1.5348749740102436
5.689362720051171,-3.587636317332727
-1.1325424553226804,-3.587636317332727
1.9534024783425608,-3.587636317332727
-2.1762996554947933,-3.587636317332727
-0.8249578008736571,-1.5568295089946864
2.5969034877582384,-3.3292055977472685
-3.5019292171219223,-1.5753910456975455
0.016507579841724546,0.40095441267177023
-6.932696212192421,-3.587636317332727
0.0,1.743515585856265
0.0,-0.5631517045914992
-4.589376834488289,-3.2787460570403453
0.39365013362237183,-3.096238768248909
2.3899984284648363,0.17823499624185712
2.186419813504384,-1.1499413669409466
1.717998768628226,-1.2494707678342405
0.6254042790937874,-2.107493195752924
-1.92545576353442,-1.3194867741056076
1.4203112162738318,-3.587636317332727
3.1306193974468846,-3.587636317332727
1.3926882479804392,-3.587636317332727
5.320066751386304,-3.279364761953726
0.7380143813280966,-2.724380035427597
-1.6247458500183285,-0.48325951922010896
1.0728762782675663,1.1325354481508603
3.1290964850790144,-1.6051093116025572
-4.136144691936339,-2.5493112749900426
-0.5173523727922542,1.3359456494459288
3.568274541155821,-1.907304274144943
1.8125236345548206,0.5656278786352457
5.781066335366756,8.041927895763262
-1.4970481328575447,-1.073911531886256
2.482014221503344,-1.425898659329134
-2.258700834663725,1.8347445721777218
-2.1017507641381297,2.925006198903997
-1.0056832732154568,-1.080966128656883
-0.09959758970207028,-1.3810693925905344
1.1614427554992386,1.570646403714528
1.3279623832597438,1.0908709175369995
6.032314366152976,-1.0921152432369519
5.714738406736631,-0.5553205019590682
4.598815189161036,-2.473215871422132
2.234272442909463,0.7327004990914607
4.209437607500291,0.6088905191403741
2.3610421209470513,-0.446090413936029
5.815016920635607,0.04716489754206449
-0.799198855382024,0.3078158639631686
-2.9594020981051,-0.9186507444754297
-4.934487125409206,2.751285674526247
-1.7323800095246502,-0.6231268482752093
0.29362710028955386,0.8099096165080312
5.371901024327379,-0.7452859757482678
4.776010511782876,0.9195622949491469
4.829678849336372,-1.060457090859473
3.589914129936048,-2.939149530418852
2.099608553176901,0.5601377361952966
-0.8541500642077708,1.3712965854515442
-2.5347236697511906,-1.8174625289282642
3.0822005205799448,-0.5712691439559561
3.1695580967142263,-0.9683995374425005
-3.0331686975037346,-3.587636317332727
4.685640890073698,-3.587636317332727
-1.7619163772222834,-3.0457792275419857
0.3622277718055713,-0.48916395340322705
3.1957193575568863,3.994313990812975
1.7404033232222225,-2.477786780263362
-0.62976804740538,-1.5341560747058727
-1.6846325887796914,-3.587636317332727
4.827120271361975,-1.4411527837368077
3.7462830515123624,-3.587636317332727
2.0632880816325057,-3.065704474693686
3.0018249282433063,-2.474106743500391
1.277352002605523,-3.0203153374548872
0.23313230553696693,-3.587636317332727
-2.592374196367331,-0.9585496962316216
-1.1750135609054266,-1.068775540393104
-3.272644247171174,-2.7068014058338727
-2.163244138613479,0.23585190774678805
-2.898952224914485,-1.1435271727721816
-1.7828599777837035,-1.1675398851004855
2.301052564447698,-1.9823911686141682
-1.533421736300473,4.279934249815527
1.9811748330139207,-1.3261848958273394
3.2459270847311164,5.154250671728365
-2.7343197896060882,3.6776744842970466
1.7273195983658638,-1.09942974993122
-7.87082535528507,1.972979918247502
0.15949824175482474,-0.10379894295758688
-3.389269964422408,2.0837308173911397
-11.95588162330067,-3.587636317332727
3.6253599049449967,-1.9234214643470207
-2.5159865904177114,-3.0203153374548872
-3.6499064112488653,1.1406627951429702
1.2912613393640378,2.5438033874368684
-1.2610995881504352,-0.0640428688581437
4.835223412348942,-3.587636317332727
-2.856424896543109,-2.182522945636855
0.22233958248610963,-2.369708045362635
3.1196835484189522,-3.587636317332727
6.434334391898849,-2.586279682462232
-2.93265489960491,-2.939149530418852
3.9427136001509737,-1.542812291294613
5.91121225874157,-3.324135194279144
-2.0661328974259687,1.6652907530461556
-0.12200849009038922,-1.598416822684393
5.714273006941842,-1.4280542455398604
4.565874603105956,-0.5054796661655253
3.162624298551191,-2.2170338443468913
-1.0845364930233632,0.5097025727225258
-2.467478050905175,-1.6328484590256407
-4.082285647119454,-0.3366458368122528
-2.2531355437523346,-2.7061827009204924
-3.4262213987853825,-2.1388617210426517
3.054878488863776,-1.557524007072093
-0.740666455726036,-3.587636317332727
4.6630145711498185,1.2470476484841195
0.8859006499345994,-0.8162059214748478
1.340492084119351,-2.7061827009204924
1.6748458385749656,-1.3326144108409952
-1.6839029063607176,0.41580926373954813
1.0352089282635264,-3.063305800344714
4.373730057044484,-2.4426815778669093
3.520083236048328,-2.939149530418852
-0.8616787597132284,-3.0457792275419857
1.291309213281587,-1.7033703205702797
1.8847500324112854,-2.6302592701264693
1.1146688011376202,1.271301795449218
1.9298770756136276,-2.165116288817019
-1.95762878746695,0.44895647930814553
-1.0771710525571059,2.25493410344231
2.4615468535971865,2.9054196494134326
-1.268918152912208,-2.415589969526205
-5.063149135995283,0.3078158639631686
-0.7247795961838928,-0.11774579565631305
-0.41588266095817217,-3.587636317332727
-4.047892553194234,3.2367406257182942
4.6155841601169865,3.8813701653515285
0.08440606471778944,2.097694823350192
4.794593428104472,2.482681160711144
0.21267652085328884,-0.045955719858808586
2.937642574084753,-0.9306575246328227
-2.1492623985660075,1.3709860762997725
-0.003423720067000924,0.3172290304551824
1.385725735978183,-0.05383817152034964
2.2817811374096286,-2.7237092737232205
3.982974830766112,-2.5221889476122845
-2.576932944419098,-0.34297533220442705
2.006472809210634,-3.265618420304958
4.658196495894222,-2.7061827009204924
2.200376178656096,0.9563026703888516
0.7484443592898239,-2.7061827009204924
-0.5948094093771047,-2.4790769525775262
-3.932232802870526,-2.939149530418852
-2.6356328717263215,0.5662465835486264
4.813380394946608,-2.452994357577047
-3.9011514301152466,0.16226837290425195
-0.07883351343902634,-0.7708366532900556
3.984513220987421,-3.2787460570403453
-0.9385035938844372,-1.6777541793011963
-3.6995768130900775,4.229645884611994
-4.633680522850678,-2.4222880912479363
2.9611169467035596,1.7058132579358807
-3.6499064112488653,1.4527706077609972
3.0157569630928265,-1.8810497063705758
3.3959227254038873,-3.3292055977472685
-1.5798727102324817,2.2295857777717183
3.16594709818711,0.294863008833502
-2.2591944418909713,3.249861260452435
-1.6801641552615365,1.7305078769689757
3.2869313590149454,-1.911084505298903
-0.21825365058083512,-2.515790151635682
-0.9346713865278549,1.5407241890410976
0.6285878500248181,-0.2952817857119074
0.8991878061644977,-1.8689176846813722
-0.5822646639751649,-0.10447249383299445
1.0551457418646477,-1.8041892075931374
-1.2753545361839382,-2.5550003833715476
3.198640069857807,-2.9069875186100225
-2.1115748889522683,-0.9090372201582182
0.45111088927063925,-0.8715031876595983
-2.479497241895692,-2.939149530418852
0.7976410728832243,-0.3406709229507061
2.597478822520994,-1.0434320961582633
0.8498472867208842,3.0861445917892767
-2.731417005240515,-0.7466152920959271
0.7604828872386032,-0.2792867515529213
0.8969917137368848,2.954769543113375
2.567643704601224,-0.9596715424708617
1.441298912165673,5.869457450574425
3.2407028465532224,0.4385055226695159
2.18944913810161,0.5192712264318222
2.2291411942059742,-2.3841648038927232
-1.1448425609960626,1.7808672424588479
-1.6164824046011885,3.9768530250900542
2.180303419266399,3.944957310598093
-1.1961151304221809,-2.0193248409416604
1.1883038401933412,-1.5085201923330795
4.426559835308557,-2.0621469068649545
-0.8651964654667592,0.3532050012019684
-2.4090026662277837,-2.6477858429291987
-1.6315712110890503,5.589770092636786
0.12167875290786964,1.5060970729829593
2.0032865949373093,1.4838127644805108
-3.156321270240448,-2.6784921092583094
0.31934385806355986,-0.11760013056838095
2.55223130631085,1.6318613310017038
-2.767405981700204,5.034952827268187
-3.793103721223582,-2.624150403261332
0.1665145673712503,-0.07593637454422811
0.8048822197928477,-0.1917471677341668
-6.765336799434091,-0.27274100199631424
-3.1162037922233212,-1.752487469679136
0.3732042501390455,-2.4536130624904287
3.1406013420594046,1.5165754300017849
0.6048388786001362,3.299876825600715
0.549981002267634,5.291974151363066
1.575083459098993,2.0218715599776256
1.6294552069386035,1.7839503139501247
-0.3557638993675413,4.923623147253109
1.5257438898712448,3.9961896646253354
5.8194201266383905,4.163003558419225
-1.7004561169768837,-0.02579967331563443
3.389876093117681,5.730628806981756
1.3296303222517414,-1.3043552841092425
6.32466620670937,-3.587636317332727
4.589389966394773,-1.2757253551204149
3.3357639225640625,-1.9695841995391068
-1.238310305895308,-2.6364866566130427
2.1592700807462544,-3.587636317332727
5.3366855307316134,0.8569915616438953
-0.18135490832175294,-2.617131633391083
-0.4227008077074169,1.5028372793612115
2.9741341221820496,-2.164944316043131
3.188508214238813,2.1729995492308327
-3.128791350260378,5.821127286700203
-1.3486183828225087,1.52300494535331
-1.8605793134155075,-0.2165146530248443
-1.9932332486920374,-1.2173087755372192
-0.3703017630719675,0.2205411900619962
0.056595336452722994,0.4095740926446822
2.4826762286670045,1.2989129695502917
-2.741565642059614,3.127145023102107
-0.39380702481827756,3.288116442612148
-2.7849214715023733,0.8668529914629644
-0.8423909608655752,3.6916666857626095
-2.8097366847599226,1.6630404439323487
-1.7418780036208357,-2.291499260317965
-1.7916158649860043,-3.587636317332727
-2.23304103702637,-2.5605111690280253
4.2309282472089045,-1.4588316272333293
4.173873674759487,0.47897190964745395
2.190927393931177,-1.3078676258255335
0.8086429275650199,-0.2676705985281892
-5.414997262781891,-2.4154377183442195
0.6586770396428592,3.7773422034645203
1.0017173401366528,-3.2787460570403453
1.1998642285200383,0.6227419987328763
0.4807437372257979,-2.787967212869908
0.671549910904651,-3.0378419102576153
4.779050045485515,-3.324135194279144
4.224631847197998,-3.3292055977472685
0.8235930439666831,-2.4966035253802548
-4.632188005052537,1.189269499887212
-0.5518737988270014,-0.9827583506041198
3.461355346375008,-1.6917984567316888
3.8463639057373307,-2.202448192788556
3.031974721358279,-2.7237613305142165
0.8421651826332914,-1.4639739760582637
-2.8060975165882827,2.389959171280098
1.16180867076833,0.5991795469718184
4.282495822154537,1.6071845249292924
-0.4289943109999207,-2.321369018402908
-3.7072414137224756,-2.6302592701264693
-2.0237275960201844,-2.939149530418852
0.6553534641300648,-2.082691545114636
3.36162047907236,-2.7061827009204924
-2.3751994563269383,2.3057661633712314
-0.29504052904761874,-0.9039668166900932
2.6988698246133582,-1.4895378935624397
0.6041216548539984,0.6167061242555513
2.8691770921649082,-1.5677077475234498
-2.929422063450829,1.4806331828958617
2.3804148952911612,-0.4162467324958059
1.165782412999735,0.26017454888215874
-3.256574821761684,0.3977240757868413
3.3729879010402106,-2.738126377076365
-1.1709662929570581,0.3107995073080602
3.5651288172647444,-2.536438846668689
0.5742633503108505,-0.6088228980464789
-5.045728392457237,-3.296272629843074
5.309228913657157,0.9135161622123769
-3.9223408070185974,-3.587636317332727
0.07035629168149976,5.557890611065302
1.5721542487693272,-0.5642700761658026
-2.055831176363768,-2.089020885249109
0.7290996583050426,5.098705669329982
1.0767874609739947,-0.4579610467029954
3.277725868643313,-0.9858061942623364
1.8908562701295684,0.9384113411101168
5.659510726430701,-2.939149530418852
3.5352538816368098,-1.3937243109328472
-4.220801323892372,-0.7153525755481304
1.6455105027150325,-2.013816353759458
-0.8329475826072311,-2.140273912475134
4.762528027895391,-0.26395681446941516
0.5937685797819403,-1.462183142835574
-3.048665397388408,0.21816410810815584
-1.3841267191337232,-2.016329054074439
-6.861106534184414,0.6167061242555513
1.9953759485607576,-1.7249653665847857
1.8009676471682483,-0.7128033157909207
-0.7805147285819248,-0.20954112005068842
6.3478660530635755,-2.279483473171714
6.278637755507929,-3.2787460570403453
1.5649379229546958,0.4013943861971694
3.856574252663173,-1.403786289325284
-2.6685499911558606,-1.0171666645967985
-0.28418166917606696,-1.1607574814344874
5.485786688256359,-2.987382369550692
-3.1264048916950227,0.2946882272277821
-2.6001320511593167,-2.2155758295239436
0.4868998971469573,4.045700239149356
-2.625412413779084,0.20379906154600622
-0.1539724924414592,3.433039479088732
4.549353706715365,-2.202448192788556
3.179636620823294,-3.0150729612128737
2.6562185207303943,-2.2206462329920686
0.47716761142024966,1.9713119902499665
3.609240234462895,-1.3261848958273394
2.117290207161465,-2.4477519813350344
1.1479566433549633,-1.0917867220762256
3.6218329100294553,0.007565171871643045
-2.382724661302365,-3.587636317332727
4.8153239009585915,-2.957346864925957
-2.643840814514587,-2.7120437820758863
-2.401472144352393,-2.463670561957063
0.729547694048984,-3.587636317332727
-1.3206473601122513,-1.422082039021449
-1.5166072837600408,-3.065704474693686
4.171628192492796,0.10774825906734001
6.104242468445189,-0.6672197560377717
2.027324373010277,-0.3283775331296223
4.007833155936583,-1.288469068068145
1.8842004691221543,-1.315924188087994
1.1909472301975192,-3.121702658336007
2.1795608691301718,-1.1621319356929183
0.5276332049507508,-1.1884506812192424
-0.8296428087697921,-2.013716159368468
3.6521280496372857,-1.5846156154127975
-0.06538017794619627,0.15908350554220888
-1.3113398403438123,-0.6726277011133291
-1.913798297559525,4.5790790831455634
4.036602676931674,0.2374291916968868
-1.5582010059627156,1.1670789279918792
2.792998209062677,-2.939149530418852
0.5619692355341667,-1.572778150991575
0.17060148347425808,-1.4282973336781062
-0.9134641189419492,1.9173604640486257
-2.6612146998462447,1.4152365944363148
2.5376668643162104,1.163572950983752
1.3850262373775852,1.4975410552662125
-0.7123409571443223,-3.2787460570403453
5.851108780500331,0.6843048647625886
-4.859759204461035,0.9563026703888516
4.553076516544755,0.1700816493550713
4.607991375290657,-3.3292055977472685
5.910682947837128,-3.2787460570403453
2.9314638620847955,0.806952956744874
-0.3967361277873933,0.1629171948850826
4.4970640953721395,-0.21656079514290383
-4.151939896575933,1.2977727927222211
-1.2749105481448642,1.8691796772267772
-3.499249766184342,1.0728458560920735
-3.514004538561684,-1.583107817623087
-0.783778017879887,-0.61500181872921
-1.9214875513035534,-3.587636317332727
-2.089255169991228,-2.925876209083725
-3.4049737626198295,-3.279364761953726
-1.8384265447300745,-3.587636317332727
2.0648520979681897,0.15840990912740993
3.869597201080711,0.8745181389276271
-2.120950005117869,0.3086003256645622
-1.6518616956861847,2.576504879652066
-2.6576375649305564,-1.55344553721021
4.716864467215697,2.8069032992149525
-1.918720338397212,2.12545341093805
-1.389252184727901,-0.9176651877127774
2.2533193092053425,0.7880094360423465
4.031668326128177,-1.9603092780369855
-0.716057426996944,-3.0071877007194994
2.7007846132803257,2.0297568087547884
-0.04964136753852341,3.9672753427390326
-0.8182572653356549,0.17139119025825478
0.012631426750382646,-1.874471500631737
-1.1267653124837407,1.5107115754085603
2.739458296916677,-2.939149530418852
-1.6062500754795792,-0.8148621073874164
0.08204832297289225,-1.3068783535890192
1.6194411896417542,-2.617131633391083
-3.8131674466573937,0.1927550639830847
3.430022141857287,1.6670405921227658
-3.183848913133352,-1.821145050589572
-0.5832144059808371,-0.37283293475953566
-2.6619194596399267,2.854331320643194
0.4990169218192435,5.05302277662626
5.164215929921395,2.865695852212199
-1.8210572276679404,0.22346134982400245
-0.33944329965891995,-3.587636317332727
2.176789722761499,-0.6001469598658355
0.33214818682961755,-3.587636317332727
2.1938111852394893,-3.1717135089952793
5.784928443353384,-2.883199827760171
-4.971185238462092,-3.587636317332726
